# libhangul data/hanja (BSD-3, Copyright (c) 2005,2006 Choe Hwanjin) 에서 고른 한자어. words.py로 만듦
社會	사회	52712
境遇	경우	44525
自身	자신	42521
文化	문화	42408
女子	여자	40668
程度	정도	40318
時間	시간	38718
人間	인간	38681
事實	사실	38293
時代	시대	37465
世界	세계	36776
運動	운동	36384
學校	학교	36202
自己	자기	35898
大統領	대통령	35771
政府	정부	35423
國家	국가	35191
女性	여성	34915
親舊	친구	34841
關係	관계	34354
男子	남자	34168
地域	지역	33747
生活	생활	33177
只今	지금	33017
方法	방법	32677
過程	과정	31922
以上	이상	31624
敎育	교육	31190
經濟	경제	30995
藝術	예술	30813
歷史	역사	30284
結果	결과	30127
內容	내용	30035
勿論	물론	29979
當身	당신	29728
市場	시장	29694
意味	의미	29368
政治	정치	28903
國民	국민	28895
生命	생명	28848
學生	학생	28778
硏究	연구	28644
事件	사건	28388
理由	이유	28096
世上	세상	27274
大學	대학	27163
作品	작품	27044
狀況	상황	26953
以後	이후	26740
狀態	상태	26733
當時	당시	26686
文學	문학	26617
地方	지방	26469
最近	최근	26377
現實	현실	26361
環境	환경	26203
自體	자체	25908
部分	부분	25639
企業	기업	25577
變化	변화	25428
選擧	선거	25198
中心	중심	25049
活動	활동	25036
關心	관심	24975
亦是	역시	24916
廣告	광고	24849
精神	정신	24742
現象	현상	24558
全體	전체	24407
技術	기술	24392
民族	민족	24218
調査	조사	24159
必要	필요	23845
年代	연대	23790
科學	과학	23740
自然	자연	23661
對象	대상	23570
構造	구조	23570
結局	결국	23557
政策	정책	23341
制度	제도	23039
敎授	교수	23003
意識	의식	22916
電話	전화	22902
體制	체제	22666
會社	회사	22531
大部分	대부분	22490
産業	산업	22477
飮食	음식	22411
表情	표정	22363
一部	일부	22310
性格	성격	22195
世紀	세기	22177
繼續	계속	22163
現在	현재	22122
家族	가족	22119
民衆	민중	22110
思想	사상	22096
勢力	세력	22047
發展	발전	22022
形態	형태	21947
關聯	관련	21939
都市	도시	21860
作業	작업	21845
雰圍氣	분위기	21793
于先	우선	21586
情報	정보	21536
槪念	개념	21477
行動	행동	21456
役割	역할	21446
國內	국내	21414
立場	입장	21385
機關	기관	21359
方式	방식	21270
支配	지배	21194
影響	영향	21187
條件	조건	21021
段階	단계	20949
敎師	교사	20924
代表	대표	20807
可能性	가능성	20790
方向	방향	20742
大會	대회	20717
理論	이론	20607
議員	의원	20591
努力	노력	20582
團體	단체	20527
能力	능력	20527
住民	주민	20473
存在	존재	20440
學年	학년	20430
資料	자료	20422
開發	개발	20416
新聞	신문	20391
製品	제품	20361
分野	분야	20274
事業	사업	20224
水準	수준	20188
表現	표현	20169
氣分	기분	20149
同時	동시	20107
金融	금융	20105
戰爭	전쟁	20062
機能	기능	20061
瞬間	순간	20057
會議	회의	20010
放送	방송	19991
社會的	사회적	19906
演劇	연극	19843
勞動	노동	19788
過去	과거	19764
價値	가치	19722
現代	현대	19720
集團	집단	19700
長官	장관	19664
差異	차이	19649
時節	시절	19638
直接	직접	19608
物件	물건	19601
個人	개인	19589
作家	작가	19570
效果	효과	19504
佛敎	불교	19479
資金	자금	19402
認識	인식	19392
改革	개혁	19294
宇宙	우주	19291
時機	시기	19270
生産	생산	19233
經驗	경험	19102
音樂	음악	19096
最高	최고	19092
故鄕	고향	18950
銀行	은행	18943
農民	농민	18938
午後	오후	18916
小說	소설	18913
結婚	결혼	18899
秩序	질서	18867
古代	고대	18863
會長	회장	18861
市民	시민	18858
空間	공간	18703
病院	병원	18629
姿勢	자세	18620
搜査	수사	18612
記者	기자	18596
警察	경찰	18593
試驗	시험	18569
土地	토지	18518
統一	통일	18507
外國	외국	18437
健康	건강	18426
建物	건물	18424
施設	시설	18410
代身	대신	18350
周邊	주변	18345
原因	원인	18311
次例	차례	18251
財産	재산	18201
父母	부모	18192
言語	언어	18185
若干	약간	18162
監督	감독	18069
期間	기간	18041
一旦	일단	18006
工場	공장	17962
患者	환자	17957
組織	조직	17953
事故	사고	17870
一般	일반	17810
對話	대화	17782
人物	인물	17708
全國	전국	17623
階級	계급	17561
家庭	가정	17532
次元	차원	17412
暫時	잠시	17374
意見	의견	17365
農業	농업	17356
主張	주장	17320
寫眞	사진	17315
舞臺	무대	17302
第一	제일	17275
目的	목적	17213
競技	경기	17202
態度	태도	17199
男性	남성	17190
周圍	주위	17158
對策	대책	17134
材料	재료	17058
各各	각각	17041
恒常	항상	17024
自由	자유	17016
責任	책임	16987
競爭	경쟁	16931
地球	지구	16880
具體的	구체적	16874
機會	기회	16874
裝置	장치	16857
政治的	정치적	16853
消費者	소비자	16849
戰略	전략	16815
基準	기준	16809
現場	현장	16772
勞動者	노동자	16739
建設	건설	16732
自動車	자동차	16718
個月	개월	16679
大衆	대중	16615
各種	각종	16522
知識	지식	16492
主人	주인	16477
人類	인류	16430
特徵	특징	16412
形式	형식	16408
選手	선수	16405
主題	주제	16371
基本	기본	16342
貴族	귀족	16342
觀點	관점	16324
人氣	인기	16288
感情	감정	16277
記憶	기억	16274
構成	구성	16211
權力	권력	16189
體系	체계	16176
管理	관리	16175
果然	과연	16157
以前	이전	16126
中央	중앙	16121
事態	사태	16086
人生	인생	16078
國際	국제	16055
傳統	전통	16051
原理	원리	16034
主體	주체	16004
詩人	시인	15971
評價	평가	15950
行政	행정	15942
位置	위치	15924
三國	삼국	15919
價格	가격	15887
通信	통신	15881
物質	물질	15804
機械	기계	15785
文化的	문화적	15746
授業	수업	15743
宗敎	종교	15709
檢察	검찰	15661
食事	식사	15661
理解	이해	15641
旣存	기존	15638
委員會	위원회	15569
實踐	실천	15506
要素	요소	15482
保護	보호	15473
共同	공동	15402
方案	방안	15393
少女	소녀	15371
分析	분석	15351
商品	상품	15322
共同體	공동체	15299
說明	설명	15295
關係者	관계자	15251
種類	종류	15208
要求	요구	15165
夫婦	부부	15160
旅行	여행	15124
苦痛	고통	15083
五月	오월	15076
側面	측면	15018
限界	한계	14987
豫定	예정	14984
四月	사월	14976
意志	의지	14930
方針	방침	14928
初期	초기	14927
專門	전문	14921
歷史的	역사적	14916
神經	신경	14887
葛藤	갈등	14885
鬪爭	투쟁	14874
使用	사용	14864
言論	언론	14858
視線	시선	14852
投資	투자	14837
要因	요인	14821
支援	지원	14806
成長	성장	14801
昨年	작년	14792
目標	목표	14785
經營	경영	14772
賃金	임금	14747
被害	피해	14738
職場	직장	14712
主要	주요	14696
西洋	서양	14696
會談	회담	14651
男女	남녀	14634
措置	조치	14621
速度	속도	14619
公演	공연	14610
九月	구월	14601
六月	유월	14601
準備	준비	14601
少年	소년	14598
作用	작용	14594
消息	소식	14567
出身	출신	14563
老人	노인	14563
工業	공업	14555
英語	영어	14553
反面	반면	14522
決定	결정	14516
特性	특성	14511
記錄	기록	14507
傾向	경향	14505
靑少年	청소년	14493
校長	교장	14492
入試	입시	14484
業務	업무	14476
三月	삼월	14427
政權	정권	14406
社長	사장	14404
財閥	재벌	14387
業體	업체	14376
先輩	선배	14369
國會	국회	14347
行事	행사	14282
契機	계기	14281
歲月	세월	14274
萬若	만약	14268
質問	질문	14236
特別	특별	14228
判斷	판단	14218
不正	부정	14212
事情	사정	14206
漸漸	점점	14203
近處	근처	14194
距離	거리	14175
都大體	도대체	14167
輸出	수출	14161
文明	문명	14138
最初	최초	14090
費用	비용	14086
處理	처리	14085
飛行機	비행기	14083
輸入	수입	14054
解放	해방	14049
與否	여부	14008
內部	내부	13999
多少	다소	13997
職員	직원	13997
午前	오전	13994
相對	상대	13984
皮膚	피부	13962
將軍	장군	13951
人事	인사	13928
約束	약속	13896
貿易	무역	13893
負擔	부담	13889
身體	신체	13883
委員	위원	13853
背景	배경	13824
反對	반대	13802
法則	법칙	13800
論議	논의	13791
運營	운영	13790
汚染	오염	13776
發表	발표	13766
犯罪	범죄	13750
論理	논리	13727
基礎	기초	13714
感覺	감각	13680
讀者	독자	13664
協商	협상	13646
交通	교통	13629
成果	성과	13627
機構	기구	13596
候補	후보	13592
去來	거래	13590
視角	시각	13581
課題	과제	13572
綜合	종합	13569
根據	근거	13568
來日	내일	13561
形成	형성	13555
每日	매일	13550
手段	수단	13542
原則	원칙	13541
販賣	판매	13532
積極的	적극적	13529
場面	장면	13516
漸次	점차	13488
嫌疑	혐의	13481
動物	동물	13476
醫師	의사	13465
當局	당국	13460
人口	인구	13451
未來	미래	13444
開放	개방	13435
主人公	주인공	13371
反應	반응	13354
世代	세대	13330
批判	비판	13300
事物	사물	13290
蹴球	축구	13289
場所	장소	13287
當場	당장	13284
一般的	일반적	13277
事項	사항	13239
高等學校	고등학교	13218
公開	공개	13211
敎室	교실	13211
媒體	매체	13158
體驗	체험	13158
領域	영역	13152
拘束	구속	13107
不法	불법	13102
理念	이념	13050
平和	평화	13022
發達	발달	13011
工事	공사	12989
專門家	전문가	12979
博士	박사	12969
海外	해외	12952
但只	단지	12923
舞踊	무용	12910
食堂	식당	12908
文化財	문화재	12902
以來	이래	12901
體育	체육	12900
普通	보통	12890
微笑	미소	12882
七月	칠월	12877
事例	사례	12864
平均	평균	12858
革命	혁명	12858
訓鍊	훈련	12846
十二月	십이월	12837
利益	이익	12815
暴力	폭력	12781
論文	논문	12780
政黨	정당	12770
或是	혹시	12765
節次	절차	12732
以外	이외	12706
空氣	공기	12706
植物	식물	12666
始作	시작	12629
權利	권리	12620
對答	대답	12618
資源	자원	12598
最大	최대	12585
物體	물체	12583
平素	평소	12580
示威	시위	12577
安定	안정	12552
住宅	주택	12545
見解	견해	12540
人士	인사	12514
經濟的	경제적	12487
農村	농촌	12466
展望	전망	12417
素材	소재	12413
子女	자녀	12357
題目	제목	12343
所聞	소문	12342
結論	결론	12336
判決	판결	12333
希望	희망	12333
博物館	박물관	12325
服飾	복식	12322
基盤	기반	12319
檢査	검사	12316
失手	실수	12308
所有	소유	12306
相對方	상대방	12304
非理	비리	12301
軍隊	군대	12291
西歐	서구	12287
治療	치료	12279
部門	부문	12272
食口	식구	12231
規定	규정	12209
改善	개선	12177
總選	총선	12159
不動産	부동산	12141
神話	신화	12138
職業	직업	12123
勞組	노조	12117
祖上	조상	12104
國民學校	국민학교	12103
放學	방학	12099
哲學	철학	12086
範圍	범위	12068
根本的	근본적	12052
問題點	문제점	12044
本格的	본격적	12044
大型	대형	12039
衝擊	충격	12027
今方	금방	12023
百姓	백성	12015
美術	미술	12003
外國人	외국인	11982
夫人	부인	11940
軍事	군사	11935
指摘	지적	11904
矛盾	모순	11884
宿題	숙제	11871
豫算	예산	11868
憂慮	우려	11862
利用	이용	11849
協定	협정	11838
參與	참여	11827
比較的	비교적	11782
所得	소득	11756
單位	단위	11752
首都	수도	11750
想像	상상	11743
寢臺	침대	11726
中間	중간	11725
指導者	지도자	11704
需要	수요	11702
日帝	일제	11668
效果的	효과적	11661
委員長	위원장	11657
意圖	의도	11629
藝術家	예술가	11616
外部	외부	11596
敎會	교회	11583
大槪	대개	11579
一月	일월	11555
食品	식품	11547
科學者	과학자	11545
觀光	관광	11539
擴大	확대	11535
手術	수술	11534
相對的	상대적	11534
會員	회원	11527
演技	연기	11527
顧客	고객	11520
資本主義	자본주의	11493
圖書館	도서관	11491
調味料	조미료	11486
地下	지하	11465
習慣	습관	11439
危險	위험	11433
膳物	선물	11430
地下鐵	지하철	11412
法律	법률	11401
相互	상호	11398
傷處	상처	11390
苦悶	고민	11389
萬一	만일	11377
太陽	태양	11366
眞理	진리	11363
主婦	주부	11362
代表的	대표적	11360
道路	도로	11326
同僚	동료	11310
供給	공급	11300
二月	이월	11290
學問	학문	11285
事務室	사무실	11276
部族	부족	11276
接近	접근	11271
日曜日	일요일	11271
基本的	기본적	11270
均衡	균형	11249
疑惑	의혹	11249
後半	후반	11240
議長	의장	11226
個性	개성	11223
總長	총장	11222
核心	핵심	11221
不滿	불만	11181
訪問	방문	11181
實際	실제	11169
中世	중세	11153
動作	동작	11145
統合	통합	11139
觀客	관객	11131
計算	계산	11093
株式	주식	11083
樣式	양식	11083
甚至於	심지어	11082
破壞	파괴	11068
常識	상식	11040
商標	상표	11030
民主化	민주화	11009
生存	생존	11007
報道	보도	11002
姑母	고모	10997
統治	통치	10996
雜誌	잡지	10977
不足	부족	10970
學者	학자	10967
運命	운명	10959
財政	재정	10953
資本	자본	10949
公務員	공무원	10946
實施	실시	10945
事實上	사실상	10918
民間	민간	10918
特定	특정	10908
前提	전제	10903
地帶	지대	10903
法院	법원	10901
大規模	대규모	10899
用語	용어	10872
地位	지위	10870
地圖	지도	10870
練習	연습	10858
化粧室	화장실	10857
情緖	정서	10852
發言	발언	10823
勇氣	용기	10817
調和	조화	10812
食糧	식량	10810
實驗	실험	10802
株價	주가	10799
討論	토론	10799
苦生	고생	10782
自然主義	자연주의	10777
安保	안보	10774
頂上	정상	10770
首席	수석	10765
化粧品	화장품	10764
高級	고급	10764
議會	의회	10763
樣相	양상	10762
維持	유지	10749
週末	주말	10747
智慧	지혜	10746
大學生	대학생	10739
來年	내년	10738
農産物	농산물	10724
順序	순서	10724
思考	사고	10722
硏究所	연구소	10715
規制	규제	10700
生日	생일	10693
幸福	행복	10683
以下	이하	10680
土臺	토대	10668
假令	가령	10666
解決	해결	10665
衣服	의복	10632
現實的	현실적	10625
百貨店	백화점	10624
勤勞者	근로자	10623
體操	체조	10617
輿論	여론	10607
中學校	중학교	10595
不安	불안	10594
民主主義	민주주의	10588
物價	물가	10576
疑問	의문	10575
餘裕	여유	10564
攻擊	공격	10557
人力	인력	10550
入學	입학	10548
波濤	파도	10547
合意	합의	10543
出産	출산	10542
直後	직후	10540
歌手	가수	10539
大選	대선	10536
壓力	압력	10529
放送局	방송국	10526
預金	예금	10521
證券	증권	10513
弟子	제자	10502
先進國	선진국	10492
近代	근대	10491
窓門	창문	10488
回復	회복	10481
裁判	재판	10468
筆者	필자	10444
中小企業	중소기업	10440
協力	협력	10440
眞實	진실	10436
直接的	직접적	10431
心臟	심장	10429
野黨	야당	10426
對應	대응	10424
消費	소비	10420
區域	구역	10413
引上	인상	10392
勞使	노사	10384
牛乳	우유	10384
擔當	담당	10374
胎兒	태아	10365
階層	계층	10364
女人	여인	10356
民主	민주	10348
必要性	필요성	10342
設計	설계	10337
一帶	일대	10336
團地	단지	10333
流域	유역	10330
十一月	십일월	10308
兄弟	형제	10307
部位	부위	10297
指示	지시	10289
疾患	질환	10277
趨勢	추세	10262
安全	안전	10250
一種	일종	10244
世界的	세계적	10244
形便	형편	10242
異常	이상	10237
武器	무기	10227
撮影	촬영	10209
自信	자신	10206
身分	신분	10204
業界	업계	10196
本質	본질	10193
憲法	헌법	10184
規則	규칙	10172
入口	입구	10159
本來	본래	10154
肉體	육체	10146
無意識	무의식	10143
稅金	세금	10142
實情	실정	10141
最小限	최소한	10138
權威	권위	10129
營養	영양	10128
細胞	세포	10125
積極	적극	10122
恐怖	공포	10110
大氣	대기	10101
獨立	독립	10093
違反	위반	10079
單語	단어	10043
導入	도입	10039
幹部	간부	10036
觀念	관념	10033
改編	개편	10027
統制	통제	10026
資格	자격	10018
俳優	배우	10010
製作	제작	9987
推進	추진	9982
所屬	소속	9977
制限	제한	9973
階段	계단	9968
範疇	범주	9960
意思	의사	9948
集中	집중	9948
船長	선장	9942
時點	시점	9935
動機	동기	9932
靑年	청년	9904
世界觀	세계관	9893
信用	신용	9851
精神的	정신적	9830
症狀	증상	9816
電子	전자	9800
河川	하천	9799
現金	현금	9799
文字	문자	9798
化學	화학	9797
進行	진행	9792
料金	요금	9791
爲主	위주	9786
地境	지경	9782
飮料	음료	9780
椅子	의자	9770
痛症	통증	9765
轉換	전환	9764
南部	남부	9750
現行	현행	9745
命令	명령	9740
歷史家	역사가	9735
土曜日	토요일	9734
演技者	연기자	9733
硏究者	연구자	9731
班長	반장	9730
整理	정리	9725
無條件	무조건	9723
附近	부근	9723
選擇	선택	9719
與黨	여당	9716
大門	대문	9701
外交	외교	9698
室內	실내	9695
市內	시내	9693
信仰	신앙	9681
劇場	극장	9675
別途	별도	9670
悲劇	비극	9670
警察官	경찰관	9667
措處	조처	9656
王朝	왕조	9647
成功	성공	9641
知識人	지식인	9637
課長	과장	9633
煙氣	연기	9627
移動	이동	9627
著作權	저작권	9626
申請	신청	9619
因緣	인연	9615
契約	계약	9615
指導	지도	9615
呼吸	호흡	9612
監査	감사	9609
根本	근본	9586
流通	유통	9585
氣溫	기온	9580
全體的	전체적	9578
風景	풍경	9577
折半	절반	9573
令狀	영장	9565
部長	부장	9538
交流	교류	9535
心情	심정	9535
心理	심리	9535
刑事	형사	9524
大企業	대기업	9524
道具	도구	9520
魅力	매력	9514
保險	보험	9512
氣候	기후	9511
軍人	군인	9485
自治	자치	9482
大衆文化	대중문화	9477
感動	감동	9474
禮節	예절	9469
兩班	양반	9464
空港	공항	9464
傳統的	전통적	9463
成績	성적	9463
親戚	친척	9459
印象	인상	9456
公式	공식	9427
表面	표면	9422
溫度	온도	9421
部處	부처	9418
名譽	명예	9414
境界	경계	9411
淸掃	청소	9411
緊張	긴장	9396
沈默	침묵	9375
學期	학기	9370
後期	후기	9370
實體	실체	9365
出演	출연	9363
視聽者	시청자	9363
組合	조합	9361
部隊	부대	9360
增加	증가	9358
客觀的	객관적	9358
從業員	종업원	9353
於此彼	어차피	9350
抗爭	항쟁	9349
地上	지상	9327
收入	수입	9316
運動場	운동장	9315
對立	대립	9313
展開	전개	9310
比重	비중	9310
後輩	후배	9306
休暇	휴가	9303
季節	계절	9299
牧師	목사	9298
接觸	접촉	9295
象徵	상징	9284
學習	학습	9265
處女	처녀	9258
政治權	정치권	9256
景氣	경기	9254
國會議員	국회의원	9252
大幅	대폭	9251
祝祭	축제	9244
溪谷	계곡	9242
首相	수상	9207
運轉士	운전사	9196
複道	복도	9193
持續的	지속적	9191
差別	차별	9189
映像	영상	9179
靈魂	영혼	9175
正式	정식	9157
韓服	한복	9152
卽時	즉시	9146
列車	열차	9145
最善	최선	9143
乃至	내지	9142
區分	구분	9142
宣言	선언	9142
義務	의무	9141
禁止	금지	9138
所謂	소위	9137
比較	비교	9131
韓國語	한국어	9102
食用油	식용유	9098
漢字	한자	9096
報告書	보고서	9095
演出	연출	9089
業種	업종	9087
建築	건축	9081
設置	설치	9075
事前	사전	9049
品目	품목	9048
石油	석유	9043
氣流	기류	9041
科學的	과학적	9036
國際化	국제화	9035
人格	인격	9034
聯合	연합	9032
責任者	책임자	9030
趣味	취미	9023
筋肉	근육	9021
官吏	관리	9020
藝術的	예술적	9020
眼鏡	안경	9017
酸素	산소	9009
三十	삼십	8998
居室	거실	8985
理想	이상	8982
副作用	부작용	8980
非難	비난	8980
申告	신고	8979
共産黨	공산당	8976
理論的	이론적	8975
支持	지지	8971
豫想	예상	8970
野球	야구	8970
威脅	위협	8961
抵抗	저항	8955
數十	수십	8936
自動	자동	8936
日常	일상	8931
會見	회견	8931
科目	과목	8930
重要性	중요성	8929
將來	장래	8928
理性	이성	8925
品質	품질	8922
聲明	성명	8922
警告	경고	8915
論爭	논쟁	8914
勤務	근무	8911
儒敎	유교	8909
賂物	뇌물	8904
左右	좌우	8883
金利	금리	8878
現地	현지	8876
位相	위상	8871
對外	대외	8870
勝利	승리	8868
古典	고전	8868
衆生	중생	8867
香氣	향기	8862
社說	사설	8853
追憶	추억	8850
醫療	의료	8841
誤謬	오류	8838
封套	봉투	8835
成立	성립	8822
發生	발생	8819
進出	진출	8817
每年	매년	8814
乘用車	승용차	8812
醫學	의학	8811
個人的	개인적	8809
長點	장점	8804
任意	임의	8802
創造	창조	8793
弘報	홍보	8793
確認	확인	8790
燒酒	소주	8786
方今	방금	8767
大量	대량	8756
生鮮	생선	8756
好奇心	호기심	8753
決定的	결정적	8750
地區	지구	8747
臨時	임시	8747
冷症	냉증	8736
特殊	특수	8736
人民	인민	8707
生産力	생산력	8707
女史	여사	8704
政治人	정치인	8702
本性	본성	8702
高位	고위	8701
童話	동화	8699
卒業	졸업	8693
執行	집행	8693
留學	유학	8693
業績	업적	8680
處罰	처벌	8675
裝備	장비	8674
開闢	개벽	8669
出發	출발	8646
前期	전기	8641
技法	기법	8641
實相	실상	8639
信號	신호	8638
公約	공약	8635
適用	적용	8635
途中	도중	8634
中盤	중반	8630
物質的	물질적	8630
弄談	농담	8623
混亂	혼란	8617
擔任	담임	8613
檢討	검토	8613
溶液	용액	8596
各國	각국	8588
多數	다수	8588
正面	정면	8588
等地	등지	8588
年度	연도	8587
德分	덕분	8585
無理	무리	8582
敎科書	교과서	8581
次長	차장	8579
水泳	수영	8574
解體	해체	8570
侵害	침해	8561
解釋	해석	8558
使用者	사용자	8528
發見	발견	8526
在野	재야	8523
進步	진보	8520
報告	보고	8517
社會主義	사회주의	8515
食卓	식탁	8509
根源	근원	8508
總理	총리	8508
創作劇	창작극	8506
織物	직물	8504
首都圈	수도권	8503
稱讚	칭찬	8495
脈絡	맥락	8491
刺戟	자극	8477
所有者	소유자	8468
植民地	식민지	8468
直前	직전	8466
公園	공원	8460
貸出	대출	8456
額數	액수	8451
肯定的	긍정적	8450
優勝	우승	8445
探究	탐구	8445
社員	사원	8435
家口	가구	8414
草原	초원	8410
日常生活	일상생활	8407
大陸	대륙	8405
自尊心	자존심	8405
人權	인권	8403
書房	서방	8397
變動	변동	8397
犯人	범인	8396
最終	최종	8394
要請	요청	8394
書類	서류	8393
損害	손해	8382
窮極的	궁극적	8382
中部	중부	8353
兩國	양국	8348
生物	생물	8348
登場	등장	8345
種目	종목	8342
當初	당초	8341
處分	처분	8337
理致	이치	8335
檢事	검사	8333
公薦	공천	8331
騷音	소음	8326
確保	확보	8325
該當	해당	8321
尖端	첨단	8319
抗議	항의	8319
菜蔬	채소	8315
環境汚染	환경오염	8313
王權	왕권	8282
愛情	애정	8279
特有	특유	8279
發想	발상	8279
紀元前	기원전	8277
日程	일정	8275
手票	수표	8274
無慮	무려	8270
追加	추가	8270
被疑者	피의자	8267
其他	기타	8266
精誠	정성	8265
實態	실태	8264
價値觀	가치관	8263
制約	제약	8262
緊急	긴급	8261
就任	취임	8258
解析	해석	8258
法人	법인	8229
國語	국어	8226
書堂	서당	8226
東洋	동양	8226
年末	연말	8223
高度	고도	8223
眞相	진상	8221
支出	지출	8220
同胞	동포	8214
交換	교환	8211
慣行	관행	8211
原稿	원고	8208
講義	강의	8207
樂器	악기	8206
疲勞	피로	8196
訴訟	소송	8193
巡警	순경	8189
向上	향상	8165
天然	천연	8165
文書	문서	8165
孫子	손자	8164
一連	일련	8158
實習	실습	8154
天障	천장	8152
拍手	박수	8151
末期	말기	8151
談論	담론	8148
土壤	토양	8147
新郞	신랑	8147
計座	계좌	8146
創造的	창조적	8140
六二五	육이오	8109
風土	풍토	8103
人體	인체	8101
全部	전부	8101
體力	체력	8101
待合室	대합실	8099
實力	실력	8098
代理	대리	8096
賣場	매장	8093
上昇	상승	8089
基本權	기본권	8089
商業	상업	8087
名稱	명칭	8086
野菜	야채	8084
疾病	질병	8081
器具	기구	8068
診斷	진단	8060
兄夫	형부	8044
生命體	생명체	8040
軍士	군사	8037
例外	예외	8036
完全	완전	8036
失敗	실패	8028
最大限	최대한	8027
各其	각기	8026
協會	협회	8025
休息	휴식	8021
絶對的	절대적	8020
構成員	구성원	8019
沙果	사과	8019
鬼神	귀신	8019
觀察	관찰	8017
警察署	경찰서	8009
今年	금년	7982
女學生	여학생	7982
學父母	학부모	7982
兵士	병사	7977
完成	완성	7976
母體	모체	7976
農夫	농부	7974
勞動力	노동력	7971
大學院	대학원	7969
合理的	합리적	7968
設立	설립	7968
財界	재계	7968
文章	문장	7966
想像力	상상력	7965
主任	주임	7961
地點	지점	7961
自然環境	자연환경	7960
登錄	등록	7958
營業	영업	7956
辯護士	변호사	7954
豫防	예방	7953
羅針盤	나침반	7945
成分	성분	7915
學用品	학용품	7914
道理	도리	7910
注意	주의	7905
統計	통계	7901
院長	원장	7897
被害者	피해자	7896
集權	집권	7896
遺物	유물	7895
連續	연속	7889
整備	정비	7886
花盆	화분	7882
冷藏庫	냉장고	7881
條項	조항	7879
江南	강남	7854
一方的	일방적	7846
等等	등등	7845
風習	풍습	7842
集會	집회	7837
感氣	감기	7836
農藥	농약	7836
生産關係	생산관계	7834
防止	방지	7834
音聲	음성	7833
全般的	전반적	7829
保障	보장	7824
投機	투기	7818
反撥	반발	7815
褐色	갈색	7815
抑壓	억압	7810
裝飾	장식	7806
趣旨	취지	7806
飯饌	반찬	7804
北部	북부	7788
原子力	원자력	7787
日記	일기	7786
靑春	청춘	7785
愛人	애인	7783
物理學	물리학	7779
相當	상당	7776
許可	허가	7775
廣場	광장	7772
選定	선정	7772
本質的	본질적	7771
結婚式	결혼식	7771
否定的	부정적	7769
分離	분리	7768
學院	학원	7768
受話器	수화기	7767
倫理	윤리	7766
儀式	의식	7765
浪漫主義	낭만주의	7764
絶對	절대	7764
層位	층위	7763
指針	지침	7763
頭腦	두뇌	7763
初盤	초반	7762
誤解	오해	7757
官僚	관료	7753
倉庫	창고	7750
總裁	총재	7750
聯邦	연방	7750
循環	순환	7746
紹介	소개	7742
小國	소국	7722
西部	서부	7722
家長	가장	7721
市中	시중	7717
終日	종일	7717
部品	부품	7717
有權者	유권자	7713
一般人	일반인	7712
發電所	발전소	7711
定期	정기	7710
當代	당대	7709
相談	상담	7709
獨自的	독자적	7707
知的	지적	7706
大監	대감	7705
廢水	폐수	7704
意欲	의욕	7704
全域	전역	7699
俗談	속담	7697
化粧	화장	7695
監視	감시	7694
普遍的	보편적	7689
幻想	환상	7688
提議	제의	7688
幼稚園	유치원	7687
專攻	전공	7684
審査	심사	7680
崩壞	붕괴	7676
紛糾	분규	7676
四方	사방	7659
流行	유행	7651
全面	전면	7649
交通事故	교통사고	7647
月給	월급	7646
意義	의의	7644
實現	실현	7643
道德的	도덕적	7643
演藝人	연예인	7635
豪族	호족	7628
投票	투표	7622
團束	단속	7618
火山	화산	7592
內面	내면	7588
各自	각자	7588
黑人	흑인	7582
不過	불과	7581
思考方式	사고방식	7581
名義	명의	7580
口號	구호	7579
光景	광경	7577
分量	분량	7577
全的	전적	7574
局面	국면	7570
海岸	해안	7570
與野	여야	7569
點數	점수	7568
通帳	통장	7567
慣習	관습	7565
構圖	구도	7565
箱子	상자	7564
獨占	독점	7560
付託	부탁	7544
把握	파악	7540
二十	이십	7526
學界	학계	7518
當事者	당사자	7516
政界	정계	7513
業所	업소	7511
副會長	부회장	7506
理想的	이상적	7506
競技場	경기장	7506
絶望	절망	7502
封建	봉건	7498
勤勞	근로	7495
構造的	구조적	7494
故障	고장	7492
職務	직무	7492
賣却	매각	7492
過剩	과잉	7487
侵略	침략	7485
廚房	주방	7474
纖維	섬유	7473
日子	일자	7458
國土	국토	7455
大多數	대다수	7453
空中	공중	7453
主席	주석	7441
公害	공해	7439
無料	무료	7439
境地	경지	7435
測定	측정	7433
演說	연설	7428
經歷	경력	7428
運轉	운전	7427
支配的	지배적	7426
鉛筆	연필	7426
念慮	염려	7425
聯盟	연맹	7417
同意	동의	7385
不幸	불행	7383
多幸	다행	7383
注目	주목	7380
作戰	작전	7377
告發	고발	7377
部分的	부분적	7377
基地	기지	7374
觀光客	관광객	7372
法的	법적	7371
解明	해명	7371
通商	통상	7371
專用	전용	7367
工團	공단	7367
時刻	시각	7367
實質的	실질적	7365
確定	확정	7365
悲鳴	비명	7362
美術館	미술관	7361
製造	제조	7360
任務	임무	7356
落胎	낙태	7356
卽刻	즉각	7353
純粹	순수	7338
大王	대왕	7321
年間	연간	7318
名分	명분	7316
數學	수학	7314
少數	소수	7313
國産	국산	7311
說得力	설득력	7309
反省	반성	7308
證言	증언	7302
電話番號	전화번호	7302
介入	개입	7301
間或	간혹	7301
疑心	의심	7300
用途	용도	7298
假想	가상	7296
庶民	서민	7296
面積	면적	7296
廢棄物	폐기물	7289
爭點	쟁점	7287
調整	조정	7287
擴張	확장	7280
補償	보상	7280
規範	규범	7280
一生	일생	7251
上部	상부	7248
東部	동부	7248
海軍	해군	7243
改正	개정	7241
理事	이사	7241
道德	도덕	7241
商人	상인	7237
經路	경로	7232
所願	소원	7230
縮小	축소	7230
學級	학급	7228
創作	창작	7226
種種	종종	7223
執權	집권	7221
效率的	효율적	7219
乾燥	건조	7210
紙匣	지갑	7205
出入	출입	7181
力學	역학	7178
後者	후자	7176
自信感	자신감	7172
固有	고유	7171
活用	활용	7171
一線	일선	7170
村落	촌락	7170
罪人	죄인	7168
長期	장기	7168
飮食物	음식물	7167
名節	명절	7165
代辯人	대변인	7164
壽命	수명	7162
飛行	비행	7162
金額	금액	7160
分斷	분단	7158
何必	하필	7157
對決	대결	7157
誕生	탄생	7157
待遇	대우	7156
現役	현역	7155
生態系	생태계	7155
快感	쾌감	7153
權限	권한	7151
豫感	예감	7150
執着	집착	7148
灰色	회색	7147
廳舍	청사	7144
看板	간판	7144
成人	성인	7107
利子	이자	7104
高校	고교	7103
生産者	생산자	7102
理事長	이사장	7101
共和國	공화국	7099
良心	양심	7098
先進	선진	7096
文學的	문학적	7095
指數	지수	7090
敎訓	교훈	7090
港口	항구	7088
許容	허용	7088
虛空	허공	7087
事犯	사범	7086
常務	상무	7085
要員	요원	7083
糾明	규명	7082
巨額	거액	7081
新規	신규	7081
短篇	단편	7081
進級	진급	7078
佛像	불상	7076
提案	제안	7075
福祉	복지	7075
出帆	출범	7074
症勢	증세	7072
審判	심판	7071
貯蓄	저축	7071
制裁	제재	7069
陳述	진술	7068
生命力	생명력	7036
數千	수천	7033
新入生	신입생	7033
才能	재능	7031
空軍	공군	7028
人間的	인간적	7027
他人	타인	7025
以內	이내	7025
時期	시기	7025
大都市	대도시	7024
性向	성향	7023
漢文	한문	7023
信念	신념	7022
派出所	파출소	7020
技術者	기술자	7018
檢問	검문	7015
遂行	수행	7015
唯物論	유물론	7013
投資者	투자자	7012
影響力	영향력	7011
設備	설비	7011
謝過	사과	7011
如干	여간	7010
禮儀	예의	7010
補助	보조	7010
帽子	모자	7009
花崗巖	화강암	7008
任期	임기	7007
勝負	승부	7007
挑戰	도전	7006
獨裁	독재	7004
寺刹	사찰	7000
購買	구매	6998
彈壓	탄압	6997
睡眠	수면	6997
國王	국왕	6963
人工	인공	6962
長男	장남	6962
兵長	병장	6960
平等	평등	6958
立法	입법	6958
公共	공공	6955
農家	농가	6955
全國的	전국적	6951
對北	대북	6951
巖石	암석	6951
領土	영토	6951
敎養	교양	6946
特色	특색	6946
素地	소지	6946
決勝	결승	6944
火災	화재	6944
學術	학술	6942
外貌	외모	6940
全般	전반	6939
政局	정국	6939
衝動	충동	6939
乘客	승객	6937
優位	우위	6937
克服	극복	6935
擴散	확산	6934
冷凍	냉동	6931
標的	표적	6931
療法	요법	6931
規則的	규칙적	6931
旅券	여권	6928
祭儀	제의	6928
血液	혈액	6928
葡萄酒	포도주	6911
不信	불신	6887
秋夕	추석	6887
現代人	현대인	6885
新人	신인	6884
讀書	독서	6882
進入	진입	6882
通路	통로	6881
道德性	도덕성	6880
體重	체중	6879
基金	기금	6878
案內	안내	6878
路線	노선	6876
選手權	선수권	6874
參加	참가	6871
當局者	당국자	6871
罰金	벌금	6871
熱情	열정	6870
認定	인정	6870
部署	부서	6869
實務	실무	6868
奉仕	봉사	6865
間隔	간격	6865
惡夢	악몽	6864
罷業	파업	6864
小型	소형	6863
議席	의석	6862
運動圈	운동권	6862
解消	해소	6861
高喊	고함	6860
燃料	연료	6858
玄關	현관	6858
肥料	비료	6858
實績	실적	6857
惠澤	혜택	6855
紛爭	분쟁	6854
提供	제공	6851
衝突	충돌	6851
包裝	포장	6847
本人	본인	6816
正門	정문	6815
二重	이중	6813
數百	수백	6813
室長	실장	6810
結合	결합	6808
國防	국방	6805
發電	발전	6805
産業化	산업화	6804
綠色	녹색	6802
造成	조성	6802
受容	수용	6800
親庭	친정	6799
中繼	중계	6798
人員	인원	6798
番號	번호	6791
商店	상점	6790
握手	악수	6789
屬性	속성	6786
考査	고사	6785
妨害	방해	6784
船舶	선박	6775
錯覺	착각	6773
生計	생계	6738
平野	평야	6733
行使	행사	6733
友情	우정	6732
別名	별명	6730
香水	향수	6729
保全	보전	6727
公式的	공식적	6727
帝國主義	제국주의	6727
持分	지분	6727
改正案	개정안	6727
産物	산물	6727
陸軍	육군	6727
飮食店	음식점	6725
一環	일환	6723
目錄	목록	6722
連結	연결	6721
前職	전직	6720
個別	개별	6719
農耕	농경	6718
要件	요건	6717
保證	보증	6716
特許	특허	6716
基督敎	기독교	6715
司令官	사령관	6714
短點	단점	6712
參照	참조	6709
聯關	연관	6709
惹端	야단	6698
兆朕	조짐	6692
大地	대지	6665
主力	주력	6664
大學校	대학교	6664
水分	수분	6664
作成	작성	6660
兩者	양자	6659
加入	가입	6659
小說家	소설가	6659
建國	건국	6657
政治學	정치학	6655
引下	인하	6654
注文	주문	6652
展示會	전시회	6651
設問	설문	6651
出勤	출근	6650
房門	방문	6650
相對性	상대성	6650
施行	시행	6648
不振	부진	6645
假定	가정	6645
波動	파동	6645
主導	주도	6644
信賴	신뢰	6644
私的	사적	6643
協議會	협의회	6642
傳達	전달	6640
儒學	유학	6640
景觀	경관	6640
體系的	체계적	6640
傘下	산하	6638
菓子	과자	6638
機密	기밀	6633
中心地	중심지	6588
地下水	지하수	6588
山地	산지	6587
本部	본부	6585
加入者	가입자	6583
全長	전장	6582
所用	소용	6580
幸運	행운	6574
眞情	진정	6574
集中的	집중적	6574
洋服	양복	6572
通念	통념	6572
周年	주년	6571
結果的	결과적	6570
政務	정무	6569
試圖	시도	6569
風俗	풍속	6568
國境	국경	6567
卓子	탁자	6566
詩集	시집	6566
不審	불심	6564
履歷書	이력서	6564
弱點	약점	6564
出版社	출판사	6563
構想	구상	6562
年齡	연령	6561
手巾	수건	6561
消極的	소극적	6560
區別	구별	6559
歌詞	가사	6559
財團	재단	6559
瞬息間	순식간	6558
招請	초청	6557
器官	기관	6556
打擊	타격	6556
指標	지표	6556
豫備	예비	6556
濃度	농도	6553
銅錢	동전	6553
配慮	배려	6549
賃貸	임대	6545
僧侶	승려	6535
挫折	좌절	6535
中東	중동	6513
一等兵	일등병	6508
人形	인형	6508
木材	목재	6505
作定	작정	6503
再生	재생	6503
通話	통화	6502
再生産	재생산	6501
一致	일치	6500
力量	역량	6499
國民的	국민적	6499
男妹	남매	6499
軍事的	군사적	6499
主體的	주체적	6497
哲學者	철학자	6497
代理店	대리점	6495
相關	상관	6495
事務總長	사무총장	6494
原料	원료	6494
從來	종래	6494
必然的	필연적	6494
電鐵	전철	6494
保存	보존	6492
進展	진전	6492
情熱	정열	6491
熱氣	열기	6491
事緣	사연	6490
哲學的	철학적	6489
側近	측근	6487
報復	보복	6486
對比	대비	6486
敎員	교원	6485
連帶	연대	6479
干涉	간섭	6478
抽象的	추상적	6477
渴症	갈증	6476
辭退	사퇴	6476
亂離	난리	6472
豫測	예측	6472
按酒	안주	6462
出現	출현	6429
生理	생리	6426
萬物	만물	6424
國家的	국가적	6422
保有	보유	6421
民族主義	민족주의	6420
自然法則	자연법칙	6420
分布	분포	6419
鐵道	철도	6418
榮光	영광	6417
自我	자아	6417
公職者	공직자	6416
都邑地	도읍지	6416
指定	지정	6415
入隊	입대	6414
著作物	저작물	6414
念頭	염두	6413
洪水	홍수	6413
民俗	민속	6412
運轉者	운전자	6412
優先	우선	6411
製造業	제조업	6409
適性	적성	6409
儀禮	의례	6406
總角	총각	6406
收益	수익	6404
稅務	세무	6404
變革	변혁	6404
集團的	집단적	6404
候補者	후보자	6403
決斷	결단	6403
副總理	부총리	6402
差異點	차이점	6400
武裝	무장	6399
颱風	태풍	6399
嗜好	기호	6394
浸透	침투	6393
抑制	억제	6390
西方	서방	6353
前者	전자	6349
不平等	불평등	6348
生氣	생기	6346
住所	주소	6344
新世代	신세대	6344
敗北	패배	6343
決心	결심	6343
技士	기사	6341
正義	정의	6341
間接	간접	6338
月曜日	월요일	6335
消化	소화	6335
連休	연휴	6335
受驗生	수험생	6334
局長	국장	6333
通貨	통화	6332
書籍	서적	6331
行態	행태	6331
單獨	단독	6330
城邑	성읍	6330
次期	차기	6330
形象	형상	6328
提示	제시	6328
經典	경전	6327
戀愛	연애	6326
敎職	교직	6326
會館	회관	6326
衛星	위성	6326
墮落	타락	6324
散策	산책	6323
蛋白質	단백질	6321
專務	전무	6320
拒否	거부	6320
洞窟	동굴	6320
硏究員	연구원	6320
姨母	이모	6319
寄宿舍	기숙사	6318
就職	취직	6317
隔差	격차	6309
王子	왕자	6274
內外	내외	6273
山林	산림	6273
上流	상류	6269
前後	전후	6269
原子	원자	6269
地主	지주	6269
有名	유명	6269
同志	동지	6267
自由化	자유화	6267
吉日	길일	6266
近來	근래	6266
先頭	선두	6264
國政	국정	6264
反動	반동	6263
賣出	매출	6263
黑白	흑백	6263
共産主義	공산주의	6261
大權	대권	6261
正常	정상	6261
當國	당국	6261
成功的	성공적	6260
國務	국무	6258
日常的	일상적	6258
有害	유해	6258
被告人	피고인	6257
金錢	금전	6257
敎務室	교무실	6256
正常的	정상적	6256
一貫性	일관성	6255
視野	시야	6255
遺傳子	유전자	6254
項目	항목	6253
國籍	국적	6251
幹事	간사	6251
確立	확립	6251
別個	별개	6250
引受	인수	6250
望遠鏡	망원경	6248
小規模	소규모	6247
次官	차관	6247
解說	해설	6247
質的	질적	6246
協議	협의	6244
便宜	편의	6243
廢止	폐지	6243
防衛	방위	6243
擴充	확충	6240
衝擊的	충격적	6238
普及	보급	6237
防禦	방어	6234
劇團	극단	6233
模範	모범	6233
齒牙	치아	6233
類型	유형	6225
犧牲	희생	6216
中學生	중학생	6191
子正	자정	6190
一定	일정	6187
休日	휴일	6187
外國語	외국어	6187
登山	등산	6186
地形	지형	6184
大體	대체	6184
生産性	생산성	6182
外交官	외교관	6181
始祖	시조	6181
買入	매입	6181
生放送	생방송	6180
陸地	육지	6179
都心	도심	6178
最後	최후	6176
滿足	만족	6175
取材	취재	6174
曲線	곡선	6173
無效	무효	6173
訪韓	방한	6173
時局	시국	6171
擔當者	담당자	6170
未婚	미혼	6170
請求	청구	6170
地獄	지옥	6169
經濟力	경제력	6169
零下	영하	6168
旣得權	기득권	6167
對備	대비	6165
答辯	답변	6164
討論會	토론회	6164
地區黨	지구당	6163
實踐的	실천적	6162
辭表	사표	6162
營養素	영양소	6160
宗派	종파	6158
條約	조약	6158
經費	경비	6158
酸性	산성	6156
釀造場	양조장	6156
射擊	사격	6155
肝炎	간염	6155
構築	구축	6151
描寫	묘사	6143
摩擦	마찰	6135
中年	중년	6109
三寸	삼촌	6107
大國	대국	6107
兵力	병력	6106
名目	명목	6106
人間性	인간성	6102
君長	군장	6102
軍部	군부	6101
發行	발행	6099
動向	동향	6097
相當數	상당수	6096
運行	운행	6096
正當性	정당성	6095
湖南	호남	6095
展示	전시	6093
形式的	형식적	6093
淸算	청산	6093
新聞紙	신문지	6091
因果	인과	6088
敎宗	교종	6088
交涉	교섭	6086
地檢	지검	6086
無酌定	무작정	6086
犯行	범행	6086
當選	당선	6085
司法	사법	6084
駐車場	주차장	6084
告訴	고소	6083
變更	변경	6082
損失	손실	6081
騷動	소동	6079
駐韓	주한	6078
印象的	인상적	6077
査察	사찰	6072
懸案	현안	6071
逍風	소풍	6069
包含	포함	6068
催淚彈	최루탄	6066
敍述	서술	6064
火焰甁	화염병	6063
陶瓷器	도자기	6056
脊椎	척추	6045
外出	외출	6026
天下	천하	6026
後天	후천	6024
王國	왕국	6024
自家用	자가용	6023
立地	입지	6021
史上	사상	6018
大戰	대전	6018
王位	왕위	6018
上半期	상반기	6017
高速道路	고속도로	6017
十常	십상	6016
學位	학위	6016
樹立	수립	6016
方便	방편	6015
思春期	사춘기	6014
全面的	전면적	6010
書店	서점	6010
餘地	여지	6010
露出	노출	6009
失望	실망	6008
當直	당직	6008
記號	기호	6008
名聲	명성	6007
固定觀念	고정관념	6007
直線	직선	6007
大略	대략	6006
實感	실감	6005
所得稅	소득세	6005
新設	신설	6005
庭園	정원	6004
空冊	공책	6004
宗敎的	종교적	6003
航海	항해	6003
貯水池	저수지	6003
中旬	중순	6002
早期	조기	6002
知覺	지각	6001
協約	협약	5998
容器	용기	5998
資産	자산	5998
質量	질량	5998
隨筆	수필	5998
購入	구입	5997
特惠	특혜	5996
保管	보관	5995
財源	재원	5995
緩和	완화	5994
宣傳	선전	5992
渦中	와중	5991
攻勢	공세	5989
施策	시책	5989
栽培	재배	5989
浪費	낭비	5989
蒐集	수집	5987
球團	구단	5986
媒介	매개	5985
寄與	기여	5985
從屬	종속	5985
障壁	장벽	5985
點檢	점검	5985
懷疑	회의	5981
輪廓	윤곽	5971
北方	북방	5939
合同	합동	5938
下半期	하반기	5931
技能	기능	5930
農地	농지	5930
同窓	동창	5926
水質	수질	5926
自發的	자발적	5926
表示	표시	5925
事案	사안	5924
大擧	대거	5923
意圖的	의도적	5922
肉體的	육체적	5922
長期的	장기적	5922
代案	대안	5921
落葉	낙엽	5921
著書	저서	5921
待接	대접	5919
設使	설사	5919
英雄	영웅	5918
體質	체질	5918
分擔	분담	5917
論理的	논리적	5917
傳說	전설	5916
制定	제정	5916
支配者	지배자	5916
物議	물의	5916
街路燈	가로등	5916
固執	고집	5915
就業	취업	5915
穀物	곡물	5915
解答	해답	5915
遺産	유산	5915
重點	중점	5915
思惟	사유	5914
標示	표시	5914
注射	주사	5913
軌道	궤도	5913
辨明	변명	5913
征服	정복	5910
苦惱	고뇌	5910
共匪	공비	5906
批判的	비판적	5906
興奮	흥분	5906
船員	선원	5906
典型的	전형적	5903
旅館	여관	5903
負傷	부상	5903
複製	복제	5899
逮捕	체포	5895
召喚	소환	5891
斑點	반점	5891
妊娠婦	임신부	5879
女軍	여군	5849
電力	전력	5848
大使	대사	5847
事業者	사업자	5846
市長	시장	5844
文民	문민	5844
住居	주거	5843
電流	전류	5843
發音	발음	5841
私學	사학	5841
自負心	자부심	5840
心理的	심리적	5839
活氣	활기	5838
面談	면담	5838
所望	소망	5836
新進	신진	5836
結實	결실	5836
造作	조작	5836
非常	비상	5836
感受性	감수성	5835
新都市	신도시	5835
相對便	상대편	5835
致命的	치명적	5835
受動的	수동적	5834
子宮	자궁	5834
戀人	연인	5834
勞動組合	노동조합	5833
冷戰	냉전	5832
國務總理	국무총리	5832
意識的	의식적	5832
追求	추구	5832
專門醫	전문의	5831
延長	연장	5831
本格	본격	5831
高僧	고승	5831
將次	장차	5830
敎育廳	교육청	5830
新聞社	신문사	5830
精神科	정신과	5830
裁判部	재판부	5830
評論家	평론가	5830
廣告費	광고비	5828
景致	경치	5828
偏見	편견	5827
調節	조절	5827
單純	단순	5826
戰鬪	전투	5826
支店	지점	5826
總會	총회	5826
募集	모집	5823
封紙	봉지	5823
視聽率	시청률	5822
露骨的	노골적	5822
系統	계통	5821
職責	직책	5820
豫選	예선	5820
被支配	피지배	5818
虛僞	허위	5817
換率	환율	5813
沈滯	침체	5810
違憲	위헌	5809
摸索	모색	5799
煉炭	연탄	5799
五十	오십	5766
國內外	국내외	5764
男學生	남학생	5764
北國	북국	5763
南國	남국	5763
夜間	야간	5760
不在	부재	5759
主流	주류	5758
交代	교대	5758
全身	전신	5758
心性	심성	5758
長期間	장기간	5756
武力	무력	5755
死亡	사망	5755
話頭	화두	5753
農場	농장	5753
車線	차선	5752
主權	주권	5750
命題	명제	5750
進化	진화	5750
人間關係	인간관계	5748
設定	설정	5748
分讓	분양	5747
戰線	전선	5747
旣成	기성	5747
著者	저자	5747
語調	어조	5747
中斷	중단	5746
人爲的	인위적	5746
出張	출장	5746
停戰	정전	5745
降水量	강수량	5745
背後	배후	5744
照明	조명	5743
停止	정지	5742
比例	비례	5742
山脈	산맥	5741
指導部	지도부	5741
數値	수치	5741
斷面	단면	5741
通信網	통신망	5741
動員	동원	5740
風潮	풍조	5740
收支	수지	5739
瞬間的	순간적	5739
講師	강사	5739
市廳	시청	5738
特殊性	특수성	5738
增加率	증가율	5736
聖經	성경	5736
航空機	항공기	5736
娛樂	오락	5734
皇帝	황제	5732
退勤	퇴근	5732
豆腐	두부	5731
區廳	구청	5725
脅迫	협박	5725
東西	동서	5676
動力	동력	5671
人材	인재	5669
父親	부친	5669
原作	원작	5667
國史	국사	5667
一時的	일시적	5666
加工	가공	5666
火藥	화약	5666
關心事	관심사	5666
陸上	육상	5666
人身賣買	인신매매	5665
命令語	명령어	5665
前進	전진	5664
氣色	기색	5664
運用	운용	5664
順位	순위	5664
人種	인종	5663
古典主義	고전주의	5663
文學論	문학론	5663
活性化	활성화	5663
所有權	소유권	5662
事務	사무	5661
判事	판사	5661
暗示	암시	5661
歷史上	역사상	5661
角度	각도	5661
變身	변신	5661
連行	연행	5661
車窓	차창	5660
劇作家	극작가	5659
中繼放送	중계방송	5658
出發點	출발점	5658
歸國	귀국	5658
中毒	중독	5657
出版	출판	5657
收去	수거	5656
物量	물량	5655
主役	주역	5654
專門的	전문적	5654
工程	공정	5654
確信	확신	5654
收受	수수	5653
經濟學	경제학	5653
左翼	좌익	5652
情勢	정세	5652
支給	지급	5650
飮酒	음주	5649
感覺的	감각적	5647
常任	상임	5646
離別	이별	5646
及其也	급기야	5645
挑發	도발	5645
吸收	흡수	5643
許諾	허락	5643
態勢	태세	5640
覺悟	각오	5640
讓渡	양도	5640
週期	주기	5638
郵遞局	우체국	5635
演奏	연주	5633
沐浴湯	목욕탕	5630
一大	일대	5587
入力	입력	5587
南北	남북	5586
時日	시일	5585
海上	해상	5584
事後	사후	5582
地平	지평	5582
高地	고지	5582
金品	금품	5581
大大的	대대적	5578
植民	식민	5577
重要	중요	5577
銀河	은하	5576
現代史	현대사	5575
保安	보안	5574
改定	개정	5574
旣成世代	기성세대	5574
全體性	전체성	5573
時代的	시대적	5573
試合	시합	5572
自然現象	자연현상	5571
投入	투입	5570
保守	보수	5569
判定	판정	5569
大使館	대사관	5569
終末	종말	5568
侵入	침입	5567
新製品	신제품	5567
土器	토기	5566
敎務	교무	5566
浦口	포구	5566
史料	사료	5565
最新	최신	5565
歷代	역대	5565
無機物	무기물	5565
代表團	대표단	5564
兵役	병역	5564
玄關門	현관문	5564
警長	경장	5564
停留場	정류장	5563
取消	취소	5563
喪失	상실	5562
利害關係	이해관계	5561
妥當性	타당성	5561
總體的	총체적	5559
開幕	개막	5559
中尉	중위	5558
文獻	문헌	5558
色彩	색채	5558
慣例	관례	5556
祝賀	축하	5556
禁煙	금연	5556
精密	정밀	5556
信託	신탁	5555
慢性	만성	5555
獨創的	독창적	5555
稅關員	세관원	5553
繼承	계승	5553
觀測	관측	5553
惡循環	악순환	5552
滿點	만점	5550
象徵的	상징적	5548
審議	심의	5546
洗劑	세제	5544
奴婢	노비	5542
船艙	선창	5538
出入門	출입문	5495
出口	출구	5495
女同生	여동생	5495
白人	백인	5495
一兵	일병	5493
一名	일명	5493
八字	팔자	5492
美人	미인	5492
西洋人	서양인	5490
合作	합작	5488
民事	민사	5488
臣下	신하	5488
身元	신원	5487
野外	야외	5487
高等	고등	5487
生産物	생산물	5485
當分間	당분간	5485
原告	원고	5484
回路	회로	5482
點心時間	점심시간	5482
能動的	능동적	5481
定義	정의	5480
休紙	휴지	5479
成長率	성장률	5479
決意	결의	5479
發育	발육	5479
通過	통과	5479
進路	진로	5479
體溫	체온	5479
所持品	소지품	5478
眼目	안목	5478
布帳馬車	포장마차	5477
利害	이해	5476
法案	법안	5476
主觀的	주관적	5475
交易	교역	5475
實存	실존	5474
手配	수배	5474
金庫	금고	5474
開設	개설	5474
本社	본사	5472
國際的	국제적	5471
號線	호선	5471
非但	비단	5471
大雄殿	대웅전	5470
天台宗	천태종	5470
航空	항공	5469
編成	편성	5468
調停	조정	5468
食盤	식반	5468
黨政	당정	5467
演劇界	연극계	5465
責任感	책임감	5465
極端的	극단적	5464
起訴	기소	5464
間諜	간첩	5463
潛水艦	잠수함	5462
劇的	극적	5461
課程	과정	5461
餘暇	여가	5461
矯導所	교도소	5460
拘禁	구금	5458
連鎖	연쇄	5457
食醋	식초	5457
壬辰倭亂	임진왜란	5456
缺陷	결함	5455
追跡	추적	5454
配置	배치	5454
沿岸	연안	5450
生成	생성	5399
水面	수면	5396
白色	백색	5395
手工業	수공업	5394
食生活	식생활	5394
事由	사유	5393
電動車	전동차	5392
不安感	불안감	5391
地理	지리	5391
太祖	태조	5391
所在地	소재지	5391
內陸	내륙	5390
美德	미덕	5390
高速	고속	5390
公權力	공권력	5389
卒業生	졸업생	5389
方法論	방법론	5389
共助	공조	5388
名單	명단	5388
士氣	사기	5388
黃色	황색	5388
淡水魚	담수어	5387
立論	입론	5385
一次的	일차적	5383
修正	수정	5383
持參金	지참금	5383
入院	입원	5381
物理的	물리적	5381
信號燈	신호등	5379
新婚旅行	신혼여행	5379
未滿	미만	5379
電波	전파	5379
校監	교감	5378
背信	배신	5378
衣類	의류	5378
有機的	유기적	5377
硏究室	연구실	5377
不眠症	불면증	5375
全員	전원	5375
寢室	침실	5375
文化圈	문화권	5375
假說	가설	5374
對案	대안	5374
調達	조달	5374
辯護人	변호인	5374
親切	친절	5373
到處	도처	5371
劃期的	획기적	5371
現況	현황	5371
素質	소질	5370
義警	의경	5370
呼應	호응	5367
適應	적응	5367
鐵器	철기	5367
移轉	이전	5364
端緖	단서	5364
爆彈	폭탄	5360
誘惑	유혹	5360
特輯	특집	5359
批評	비평	5356
閣僚	각료	5356
諷刺	풍자	5348
一家	일가	5304
分子	분자	5304
學父兄	학부형	5304
家門	가문	5304
行人	행인	5304
下流	하류	5301
信者	신자	5301
前半	전반	5301
數年	수년	5301
各地	각지	5299
地法	지법	5299
工事場	공사장	5299
向後	향후	5297
建立	건립	5296
性能	성능	5296
所長	소장	5296
書體	서체	5296
首長	수장	5296
敎育者	교육자	5294
休戰	휴전	5293
家庭敎師	가정교사	5291
休戰線	휴전선	5290
共感	공감	5290
共通的	공통적	5290
敎材	교재	5290
祭天	제천	5289
社會生活	사회생활	5288
無窮花	무궁화	5287
親族	친족	5287
賣物	매물	5287
同盟	동맹	5286
大衆的	대중적	5286
宮中	궁중	5286
宿所	숙소	5285
協助	협조	5284
設令	설령	5282
內臟	내장	5281
定員	정원	5281
氣勢	기세	5281
金屬	금속	5281
除去	제거	5281
亡靈	망령	5280
參考	참고	5280
主催	주최	5279
化粧紙	화장지	5279
感謝	감사	5278
活躍	활약	5278
虛僞意識	허위의식	5278
頭痛	두통	5278
令監	영감	5276
別監	별감	5276
承認	승인	5276
綜合的	종합적	5276
雇用	고용	5276
分娩	분만	5275
延期	연기	5275
諮問	자문	5275
輸送	수송	5275
長靴	장화	5275
垂直	수직	5274
解決策	해결책	5274
類似性	유사성	5274
硏修	연수	5273
妥協	타협	5272
慰勞	위로	5272
脫退	탈퇴	5272
補充	보충	5272
增資	증자	5269
損傷	손상	5269
禁忌	금기	5269
資格證	자격증	5268
壓縮	압축	5265
撤收	철수	5264
懲役	징역	5261
賠償	배상	5257
呪術	주술	5251
診療	진료	5248
棍棒	곤봉	5236
水平	수평	5206
方面	방면	5204
告白	고백	5203
國軍	국군	5202
下位	하위	5201
天體	천체	5201
時空	시공	5201
祖國	조국	5201
使命	사명	5199
同期	동기	5199
思想家	사상가	5199
非行	비행	5199
學問的	학문적	5197
韓國的	한국적	5197
分期	분기	5196
宅地	택지	5196
留學生	유학생	5196
義兵	의병	5196
進學	진학	5196
正反對	정반대	5195
自然觀	자연관	5195
農作物	농작물	5195
便法	편법	5194
叔父	숙부	5192
增大	증대	5192
脫出	탈출	5192
公務	공무	5191
實物	실물	5191
變數	변수	5191
假名	가명	5190
官界	관계	5190
漁業	어업	5190
藥物	약물	5190
要領	요령	5190
銀河系	은하계	5190
民族的	민족적	5189
獨立的	독립적	5189
社會學	사회학	5189
力點	역점	5188
殘金	잔금	5188
石炭	석탄	5188
合格	합격	5187
合黨	합당	5187
性的	성적	5187
聽聞會	청문회	5187
學點	학점	5186
服務	복무	5185
無所屬	무소속	5185
恩惠	은혜	5184
振動	진동	5183
旅行社	여행사	5183
示範	시범	5183
航路	항로	5183
逃亡	도망	5183
審美的	심미적	5182
特權	특권	5182
美貌	미모	5182
狂氣	광기	5181
地域區	지역구	5180
懇談會	간담회	5180
複數	복수	5180
制服	제복	5179
保健	보건	5178
歌謠	가요	5178
封建制	봉건제	5177
威嚴	위엄	5175
官廳	관청	5175
收奪	수탈	5175
熱帶	열대	5175
鐵鋼	철강	5175
駐在	주재	5175
干拓	간척	5174
鑑賞	감상	5174
段階的	단계적	5173
稅制	세제	5173
補修	보수	5173
推薦	추천	5172
檢證	검증	5172
源泉	원천	5172
租稅	조세	5172
締結	체결	5172
老婆	노파	5171
滯留	체류	5168
總額	총액	5168
規格	규격	5168
超越	초월	5168
冒險	모험	5164
拳銃	권총	5164
蓄積	축적	5164
出力	출력	5109
四十	사십	5109
木手	목수	5108
一時	일시	5107
不平	불평	5105
一品	일품	5104
手法	수법	5104
流出	유출	5104
化石	화석	5103
本意	본의	5102
無名	무명	5102
自動化	자동화	5102
體內	체내	5101
和合	화합	5099
圖書	도서	5099
活字	활자	5099
行星	행성	5099
邑內	읍내	5098
訓長	훈장	5096
過言	과언	5096
人的	인적	5095
人選	인선	5095
志向	지향	5095
窓口	창구	5095
理論家	이론가	5094
修女	수녀	5093
問責	문책	5093
願書	원서	5093
文化遺産	문화유산	5092
性暴行	성폭행	5091
歷史學	역사학	5091
其間	기간	5090
感性	감성	5090
支流	지류	5090
不條理	부조리	5089
大綱	대강	5089
間接的	간접적	5089
料理師	요리사	5088
魚類	어류	5088
放射性	방사성	5087
文藝	문예	5087
地震	지진	5086
本館	본관	5086
署名	서명	5086
主導權	주도권	5085
生活環境	생활환경	5085
生涯	생애	5085
必須	필수	5084
最低	최저	5084
不況	불황	5083
兩側	양측	5083
待機	대기	5081
新任	신임	5081
運勢	운세	5081
副社長	부사장	5080
靑銅器	청동기	5080
端的	단적	5079
感激	감격	5078
辱說	욕설	5078
避難	피난	5078
郡縣	군현	5077
寡婦	과부	5075
促進	촉진	5074
調査團	조사단	5073
類槪念	유개념	5073
著述	저술	5072
紀綱	기강	5068
配役	배역	5068
陣營	진영	5068
店鋪	점포	5066
症候群	증후군	5066
取扱	취급	5064
販促	판촉	5064
祈禱	기도	5060
奢侈	사치	5039
駱駝	낙타	5039
人心	인심	5008
內心	내심	5007
人夫	인부	5006
出世	출세	5006
出家	출가	5006
下部	하부	5005
校門	교문	5005
行方	행방	5005
人文	인문	5003
可能	가능	5003
工學	공학	5003
美學	미학	5003
軍事力	군사력	5003
元老	원로	5000
子孫	자손	5000
明堂	명당	5000
神父	신부	5000
肉身	육신	5000
本然	본연	4998
眞正	진정	4998
原形	원형	4997
大賞	대상	4997
水産物	수산물	4997
所在	소재	4996
停年	정년	4995
善意	선의	4995
對人	대인	4995
惡法	악법	4995
眞空	진공	4995
平敎師	평교사	4994
美意識	미의식	4994
人類學	인류학	4993
物理	물리	4992
産婦人科	산부인과	4992
自律性	자율성	4992
時間帶	시간대	4991
飮料水	음료수	4991
修學	수학	4990
同伴者	동반자	4990
否定	부정	4989
帝國	제국	4989
波長	파장	4989
言及	언급	4989
選好	선호	4989
古典的	고전적	4988
行政府	행정부	4988
分團	분단	4985
慰安	위안	4985
提高	제고	4985
排出	배출	4984
公營	공영	4983
常識的	상식적	4983
招待	초대	4983
眞骨	진골	4983
退職金	퇴직금	4983
毛孔	모공	4982
被告	피고	4982
異議	이의	4981
就任式	취임식	4980
惡臭	악취	4980
物資	물자	4980
甲板	갑판	4980
遺族	유족	4980
還甲	환갑	4980
面貌	면모	4979
柔軟性	유연성	4978
絶頂	절정	4978
考察	고찰	4978
辨證法的	변증법적	4978
勝訴	승소	4977
提起	제기	4977
偶然	우연	4976
中樞	중추	4974
印刷	인쇄	4974
孤獨	고독	4974
語套	어투	4974
鷄卵	계란	4974
腐敗	부패	4973
撤回	철회	4972
機械的	기계적	4972
惡魔	악마	4971
離脫	이탈	4971
搜査官	수사관	4969
組織的	조직적	4969
壓迫	압박	4967
拳鬪	권투	4967
啓蒙	계몽	4966
每週	매주	4966
寄贈	기증	4963
派遣	파견	4963
矜持	긍지	4960
覺醒	각성	4953
緋緞	비단	4938
外來	외래	4902
孝道	효도	4900
食道	식도	4900
一回用	일회용	4899
作者	작자	4898
公安	공안	4898
原動力	원동력	4898
學年度	학년도	4898
上位	상위	4897
天神	천신	4897
戰力	전력	4897
親日	친일	4897
作動	작동	4895
史學	사학	4895
學會	학회	4895
正體	정체	4895
利己主義	이기주의	4894
不當	부당	4893
無關心	무관심	4893
觀光地	관광지	4893
運動家	운동가	4893
校服	교복	4892
物品	물품	4892
知性	지성	4892
英文	영문	4892
養成	양성	4892
婦人	부인	4891
次男	차남	4891
人工衛星	인공위성	4890
利己的	이기적	4890
大株主	대주주	4890
所産	소산	4890
演出者	연출자	4890
資本金	자본금	4890
失禮	실례	4889
正統	정통	4889
電算	전산	4889
飛行士	비행사	4889
人波	인파	4888
外貨	외화	4888
威力	위력	4888
登錄金	등록금	4888
公判	공판	4887
民願	민원	4887
全國區	전국구	4886
公明選擧	공명선거	4886
原價	원가	4886
成就	성취	4886
水系	수계	4886
與信	여신	4886
處事	처사	4886
感動的	감동적	4885
提出	제출	4885
理性的	이성적	4885
電話機	전화기	4885
定着	정착	4884
家畜	가축	4883
容量	용량	4883
氣質	기질	4883
安寧	안녕	4882
打字機	타자기	4881
收集	수집	4881
機關長	기관장	4881
在任	재임	4880
應答	응답	4880
裏面	이면	4880
利點	이점	4879
氣象	기상	4877
經濟史	경제사	4877
不均衡	불균형	4876
入札	입찰	4876
灌木	관목	4876
粒子	입자	4876
藥局	약국	4876
違法	위법	4876
重鎭	중진	4876
露店商	노점상	4875
演算	연산	4874
起點	기점	4874
鐵製	철제	4874
靈感	영감	4874
對照的	대조적	4873
怪物	괴물	4873
潤氣	윤기	4873
經驗的	경험적	4873
辭典	사전	4872
報償	보상	4871
救濟	구제	4871
純潔	순결	4871
總務	총무	4871
職種	직종	4871
警備	경비	4871
配達	배달	4871
壓倒的	압도적	4869
橫暴	횡포	4868
眼球	안구	4868
討議	토의	4868
講座	강좌	4868
陰曆	음력	4868
離婚	이혼	4868
經緯	경위	4867
社團	사단	4864
誘導	유도	4864
總帥	총수	4860
解雇	해고	4860
僑胞	교포	4856
棲息	서식	4850
膨脹	팽창	4835
出馬	출마	4800
大家	대가	4798
天國	천국	4798
生前	생전	4798
士大夫	사대부	4795
流入	유입	4795
王室	왕실	4795
行長	행장	4795
代金	대금	4794
合計	합계	4793
在學	재학	4793
地面	지면	4793
用品	용품	4792
眞心	진심	4792
水平線	수평선	4791
例年	예년	4790
地氣	지기	4790
大學敎授	대학교수	4790
學業	학업	4790
戰後	전후	4790
所信	소신	4790
本體	본체	4790
治安	치안	4790
發明	발명	4790
言論人	언론인	4790
一次	일차	4787
學科	학과	4787
性品	성품	4787
病室	병실	4787
過多	과다	4787
充足	충족	4786
效力	효력	4786
生産量	생산량	4786
勞動界	노동계	4784
家屋	가옥	4784
對美	대미	4784
葉書	엽서	4784
飛行場	비행장	4784
船主	선주	4783
處方	처방	4783
記入帳	기입장	4783
傳記	전기	4782
公報	공보	4782
合議	합의	4782
判決文	판결문	4781
定期的	정기적	4781
後續	후속	4781
退學	퇴학	4781
氏族	씨족	4779
史的	사적	4778
司令部	사령부	4778
司正	사정	4778
家具	가구	4778
寫實主義	사실주의	4778
早晩間	조만간	4778
權威主義	권위주의	4778
浴室	욕실	4778
運轉技士	운전기사	4778
分類	분류	4777
地層	지층	4777
後悔	후회	4777
査正	사정	4777
正規	정규	4777
北緯	북위	4775
幾何學的	기하학적	4775
極度	극도	4775
省察	성찰	4775
宣告	선고	4774
機關室	기관실	4774
聖職者	성직자	4774
補完	보완	4774
實勢	실세	4773
危險性	위험성	4772
戰術	전술	4772
示威隊	시위대	4772
齒藥	치약	4772
大砲	대포	4771
文脈	문맥	4771
曜日	요일	4771
代替	대체	4770
列傳	열전	4770
觀覽客	관람객	4770
課稅	과세	4769
主軸	주축	4768
濕氣	습기	4768
看護師	간호사	4768
維新	유신	4768
官署	관서	4766
對照	대조	4766
承繼	승계	4766
振興	진흥	4766
支障	지장	4766
救護	구호	4766
災害	재해	4766
豫報	예보	4766
婚姻	혼인	4763
發掘	발굴	4763
選拔	선발	4762
皮脂	피지	4760
伸張	신장	4759
團員	단원	4759
簡易	간이	4759
貨幣	화폐	4759
逃避	도피	4759
包括的	포괄적	4758
籠城	농성	4758
臟器	장기	4755
誇張	과장	4755
鎭壓	진압	4755
宮闕	궁궐	4751
中小	중소	4692
東北	동북	4691
校內	교내	4689
食水	식수	4689
名士	명사	4685
一角	일각	4684
事業家	사업가	4684
日氣	일기	4684
正午	정오	4684
部落	부락	4684
後孫	후손	4682
正答	정답	4682
忠告	충고	4681
政治家	정치가	4680
過半數	과반수	4680
以南	이남	4679
作物	작물	4679
共産	공산	4679
實行	실행	4679
會計	회계	4679
神仙	신선	4679
面會	면회	4679
黑字	흑자	4679
外的	외적	4678
屋上	옥상	4678
展示場	전시장	4678
日課	일과	4678
課外	과외	4678
連日	연일	4678
實在	실재	4677
出處	출처	4676
地理的	지리적	4676
平和的	평화적	4676
敎理	교리	4676
冊子	책자	4675
問題意識	문제의식	4675
支部	지부	4675
火傷	화상	4675
佛法	불법	4674
果樹園	과수원	4674
當選者	당선자	4674
農耕地	농경지	4674
世俗	세속	4673
圓形	원형	4673
收容所	수용소	4673
水曜日	수요일	4673
金曜日	금요일	4673
共通點	공통점	4672
境內	경내	4671
守備	수비	4671
嶺南	영남	4671
東邦	동방	4671
申請書	신청서	4671
財産權	재산권	4671
不起訴	불기소	4670
何如間	하여간	4670
可及的	가급적	4670
著作	저작	4670
前衛	전위	4669
廳長	청장	4669
衣裳	의상	4669
道廳	도청	4669
建築物	건축물	4668
接受	접수	4668
壁面	벽면	4667
査定	사정	4667
核心的	핵심적	4667
絶望的	절망적	4667
反映	반영	4666
逸話	일화	4666
人件費	인건비	4665
次次	차차	4665
節約	절약	4665
姉妹	자매	4664
技術的	기술적	4664
營農	영농	4664
答狀	답장	4664
郡廳	군청	4664
促求	촉구	4662
好況	호황	4662
深刻性	심각성	4662
連續的	연속적	4662
卽席	즉석	4661
實狀	실상	4661
朝餐	조찬	4661
祿邑	녹읍	4661
種槪念	종개념	4661
訊問	신문	4661
割引	할인	4658
廢船	폐선	4658
效率	효율	4658
減縮	감축	4658
聚落	취락	4658
揭示板	게시판	4656
補佐官	보좌관	4656
愛嬌	애교	4655
推測	추측	4655
解任	해임	4655
退任	퇴임	4655
遊牧	유목	4655
城郭	성곽	4654
貯藏	저장	4654
搾取	착취	4653
毁損	훼손	4653
任員	임원	4651
任職員	임직원	4651
廢棄	폐기	4651
陰謀	음모	4651
姻戚	인척	4648
激勵	격려	4647
遺骸	유해	4640
腰椎	요추	4639
雇傭	고용	4635
錚盤	쟁반	4633
脂肪	지방	4628
同人	동인	4582
大入	대입	4582
先天	선천	4580
出國	출국	4580
光年	광년	4579
一等	일등	4577
上空	상공	4577
下士	하사	4577
肉水	육수	4576
原始人	원시인	4575
數萬	수만	4575
人情	인정	4574
活力	활력	4574
産母	산모	4574
一體性	일체성	4572
中期	중기	4572
各界	각계	4572
合理化	합리화	4572
學童	학동	4572
文學史	문학사	4572
結成	결성	4572
居住	거주	4571
主體性	주체성	4570
動植物	동식물	4570
異見	이견	4569
親知	친지	4569
最上	최상	4568
統一性	통일성	4568
當面	당면	4567
光復	광복	4566
安否	안부	4566
復學	복학	4566
苦難	고난	4566
農漁村	농어촌	4566
外遊	외유	4565
輸入品	수입품	4565
性別	성별	4564
應答者	응답자	4564
義理	의리	4564
不遇	불우	4563
來歷	내력	4563
敎科	교과	4563
特別法	특별법	4563
聖書	성서	4563
親日派	친일파	4563
創出	창출	4562
實證主義	실증주의	4562
發源地	발원지	4562
心境	심경	4561
政經	정경	4561
國旗	국기	4560
宿直	숙직	4560
市價	시가	4560
最惡	최악	4560
淨化	정화	4560
營養分	영양분	4560
競爭者	경쟁자	4560
工具	공구	4559
憲兵	헌병	4559
盲目的	맹목적	4559
落下傘	낙하산	4559
覺書	각서	4559
食器	식기	4559
神經質的	신경질적	4558
過熱	과열	4558
公職	공직	4557
操作	조작	4557
文樣	문양	4557
最高級	최고급	4557
民謠	민요	4557
洋酒	양주	4557
貨物	화물	4557
沒落	몰락	4556
音響	음향	4556
中央黨	중앙당	4555
參席	참석	4555
情報機關	정보기관	4555
正裝	정장	4555
滿期	만기	4555
田柴科	전시과	4555
逆說	역설	4555
關節	관절	4555
不拘束	불구속	4554
容恕	용서	4554
爆發	폭발	4554
森林	삼림	4553
鑑定	감정	4553
黨職者	당직자	4553
競爭的	경쟁적	4552
複式	복식	4552
社會關係	사회관계	4551
視覺	시각	4551
郵便	우편	4551
配偶者	배우자	4551
僞造	위조	4548
歡迎	환영	4548
生薑	생강	4547
廚房長	주방장	4546
核武器	핵무기	4546
盆地	분지	4545
看護	간호	4545
錢票	전표	4545
黨舍	당사	4545
參謀	참모	4544
洗濯	세탁	4544
丘陵	구릉	4541
抽象	추상	4541
警戒	경계	4541
陣痛	진통	4541
剩餘	잉여	4540
收聚	수취	4540
巡檢	순검	4537
複寫	복사	4537
詐欺	사기	4537
括弧	괄호	4518
出生	출생	4468
女大生	여대생	4468
自白	자백	4468
五萬	오만	4466
國力	국력	4465
心身	심신	4465
上場	상장	4463
下午	하오	4463
下落	하락	4463
人相	인상	4463
年初	연초	4463
本能	본능	4463
小品	소품	4462
心思	심사	4462
間食	간식	4462
前面	전면	4461
名作	명작	4461
登山路	등산로	4461
公主	공주	4460
出血	출혈	4460
農土	농토	4460
通行	통행	4460
初代	초대	4458
法定	법정	4458
育成	육성	4458
色相	색상	4458
道敎	도교	4458
音樂家	음악가	4458
上陸	상륙	4457
海洋	해양	4457
賞金	상금	4457
實名	실명	4455
惡化	악화	4455
月經	월경	4455
不法的	불법적	4454
出題	출제	4454
演出家	연출가	4454
婦女會	부녀회	4453
總學生會	총학생회	4453
加害者	가해자	4452
商家	상가	4452
後繼者	후계자	4452
性敎育	성교육	4452
本選	본선	4452
每事	매사	4452
調書	조서	4452
電線	전선	4452
小劇場	소극장	4451
代名詞	대명사	4450
尺度	척도	4450
所感	소감	4450
敬禮	경례	4450
法官	법관	4450
街路樹	가로수	4450
誠意	성의	4450
學歷	학력	4449
自制	자제	4449
進化論	진화론	4449
入社	입사	4448
公聽會	공청회	4448
四季節	사계절	4448
自律的	자율적	4448
受難	수난	4447
彈力	탄력	4447
假面	가면	4446
刑法	형법	4446
物的	물적	4446
遺民	유민	4446
革命的	혁명적	4446
創立	창립	4445
區間	구간	4445
海岸線	해안선	4445
組立	조립	4445
配分	배분	4445
食慾	식욕	4445
具體性	구체성	4444
常設	상설	4444
最終的	최종적	4444
橫斷步道	횡단보도	4444
流言蜚語	유언비어	4444
裁判長	재판장	4444
貧困	빈곤	4444
傑作	걸작	4443
種族	종족	4443
革新	혁신	4443
機關士	기관사	4442
消息通	소식통	4442
複合	복합	4442
雜音	잡음	4442
電池	전지	4442
特質	특질	4441
逆說的	역설적	4441
餘他	여타	4441
封建的	봉건적	4440
憎惡	증오	4440
放映	방영	4440
殺母蛇	살모사	4440
獲得	획득	4440
組合員	조합원	4440
遠征	원정	4440
人蔘	인삼	4439
利潤	이윤	4438
持續	지속	4438
疑懼心	의구심	4438
請約	청약	4438
武術	무술	4437
舞踊家	무용가	4437
華嚴經	화엄경	4437
運航	운항	4437
普遍性	보편성	4436
考慮	고려	4435
誘致	유치	4435
儀典	의전	4434
執權黨	집권당	4434
幻想的	환상적	4434
店員	점원	4434
收縮	수축	4434
救援	구원	4434
連續劇	연속극	4434
需給	수급	4434
飛躍的	비약적	4434
攝取	섭취	4433
處置	처치	4431
解職	해직	4431
講演	강연	4431
酒幕	주막	4431
警護	경호	4427
搜索	수색	4423
癒着	유착	4423
破綻	파탄	4422
遺憾	유감	4422
鐵棒	철봉	4419
抗癌劑	항암제	4416
茶盞	찻잔	4413
騷擾	소요	4409
葡萄	포도	4404
人命	인명	4350
主山	주산	4349
韓方	한방	4349
家事	가사	4348
一面	일면	4347
中流	중류	4347
二分法	이분법	4347
同法	동법	4347
平民	평민	4345
平面	평면	4345
有無	유무	4345
法學	법학	4345
一對一	일대일	4344
上體	상체	4344
在美	재미	4344
會同	회동	4344
六頭品	육두품	4343
家父長的	가부장적	4343
走者	주자	4342
低下	저하	4341
共通	공통	4341
月謝金	월사금	4341
業主	업주	4341
農外所得	농외소득	4341
朝鮮朝	조선조	4340
正常化	정상화	4340
自意識	자의식	4340
主義	주의	4339
代表作	대표작	4339
內面的	내면적	4339
分散	분산	4339
利得	이득	4339
大領	대령	4339
年號	연호	4339
往來	왕래	4339
農法	농법	4339
內申	내신	4338
從事者	종사자	4338
數學的	수학적	4338
醫大	의대	4338
大衆化	대중화	4337
姑母夫	고모부	4337
安息日	안식일	4337
公衆電話	공중전화	4336
指名	지명	4336
祖師	조사	4336
說話	설화	4336
性行爲	성행위	4335
豫定日	예정일	4335
無罪	무죄	4334
說得	설득	4334
反論	반론	4333
從前	종전	4333
結末	결말	4333
長篇	장편	4333
出港	출항	4332
司會者	사회자	4332
多樣性	다양성	4332
新婚夫婦	신혼부부	4332
施工	시공	4332
王妃	왕비	4332
自覺	자각	4332
保守的	보수적	4331
內閣	내각	4331
收容	수용	4331
新興	신흥	4331
調理	조리	4331
不感症	불감증	4330
出退勤	출퇴근	4330
反政府	반정부	4330
暴動	폭동	4330
暴風	폭풍	4330
洋鐵	양철	4330
無限	무한	4330
講堂	강당	4330
學群	학군	4329
後援	후원	4329
成員	성원	4329
用具	용구	4329
選手團	선수단	4329
部類	부류	4329
優先的	우선적	4328
共感帶	공감대	4328
判例	판례	4328
同伴	동반	4328
對象者	대상자	4328
紫外線	자외선	4328
經過	경과	4328
都邑	도읍	4328
個別的	개별적	4327
各級	각급	4327
法規	법규	4327
無職	무직	4327
藝術人	예술인	4327
後遺症	후유증	4326
念願	염원	4326
投資家	투자가	4326
通譯	통역	4326
錄音	녹음	4326
主宰	주재	4325
自販機	자판기	4325
衡平	형평	4325
負擔金	부담금	4325
任命狀	임명장	4324
凍結	동결	4324
司會	사회	4324
序列	서열	4324
科擧	과거	4324
筋力	근력	4324
鹽基性	염기성	4324
稅關	세관	4322
赤褐色	적갈색	4322
近郊	근교	4322
享受	향수	4321
族譜	족보	4321
緣起	연기	4321
鄕愁	향수	4321
基礎的	기초적	4320
開催	개최	4320
僑民	교민	4318
斷絶	단절	4318
紳士	신사	4318
脫稅	탈세	4318
苦衷	고충	4318
變遷	변천	4318
防波堤	방파제	4318
紙幣	지폐	4317
凶器	흉기	4315
呼稱	호칭	4315
忍耐	인내	4315
肥滿	비만	4315
虛構	허구	4315
諸般	제반	4315
貸與	대여	4315
頂點	정점	4315
洗濯機	세탁기	4313
墜落	추락	4312
犧牲者	희생자	4312
運搬	운반	4312
臨床	임상	4311
荷役	하역	4311
附與	부여	4311
黨員	당원	4311
俸給	봉급	4310
僞裝	위장	4307
官衙	관아	4304
豊饒	풍요	4304
徵候	징후	4303
呻吟	신음	4300
脾胃	비위	4297
涅槃	열반	4288
菩薩	보살	4282
女王	여왕	4233
南門	남문	4232
白馬	백마	4232
中心部	중심부	4231
女高生	여고생	4231
入住	입주	4230
孝子	효자	4230
花草	화초	4230
部下	부하	4230
在日	재일	4228
天才	천재	4228
平地	평지	4228
後世	후세	4228
民心	민심	4228
萬能	만능	4228
行世	행세	4228
重力	중력	4228
風水	풍수	4227
心理學	심리학	4226
先祖	선조	4225
市外	시외	4225
德目	덕목	4225
方位	방위	4225
林野	임야	4225
人生觀	인생관	4224
初步	초보	4223
地平線	지평선	4223
業者	업자	4223
武人	무인	4223
物理學者	물리학자	4223
地表面	지표면	4222
工産品	공산품	4222
手當	수당	4222
水産業	수산업	4222
藥水	약수	4222
事務長	사무장	4221
國文科	국문과	4221
全體主義	전체주의	4220
有望	유망	4220
軍政	군정	4220
中性微子	중성미자	4219
再發見	재발견	4219
民主的	민주적	4219
法人稅	법인세	4219
原初的	원초적	4217
原油	원유	4217
故國	고국	4217
現代的	현대적	4217
藥品	약품	4217
人乘	인승	4216
再開發	재개발	4216
生活樣式	생활양식	4216
公開的	공개적	4215
回線	회선	4215
未達	미달	4215
德談	덕담	4214
是正	시정	4214
脚光	각광	4214
脚本	각본	4214
靑色症	청색증	4214
一黨	일당	4213
信徒	신도	4213
王宮	왕궁	4213
信賴度	신뢰도	4212
受賞	수상	4212
客觀性	객관성	4212
短期	단기	4212
資金難	자금난	4212
靑寫眞	청사진	4212
公企業	공기업	4211
密度	밀도	4211
尊重	존중	4211
脫法	탈법	4211
讓步	양보	4211
任命	임명	4210
學費	학비	4210
成熟	성숙	4210
朝廷	조정	4210
迷信	미신	4210
高層	고층	4210
修業	수업	4209
劣等感	열등감	4209
慰安婦	위안부	4209
敎育監	교육감	4209
統廢合	통폐합	4209
輕水爐	경수로	4209
苗木	묘목	4208
限度	한도	4208
空器	공기	4207
古墳	고분	4206
基調	기조	4206
增進	증진	4206
神經系	신경계	4206
創業	창업	4205
寶物	보물	4205
斷然	단연	4205
滑走路	활주로	4205
畜産	축산	4205
社會團體	사회단체	4205
血管	혈관	4205
資材	자재	4205
東歐	동구	4204
週日	주일	4204
到着	도착	4203
對處	대처	4203
復舊	복구	4203
運動靴	운동화	4203
雜談	잡담	4202
寫眞機	사진기	4201
攝理	섭리	4201
黃褐色	황갈색	4201
復職	복직	4199
續續	속속	4199
要旨	요지	4199
規約	규약	4199
豫約	예약	4199
黨務	당무	4199
山麓	산록	4198
攝氏	섭씨	4198
假象	가상	4196
採擇	채택	4196
施術	시술	4196
檢擧	검거	4196
群衆	군중	4196
倭敵	왜적	4195
收穫	수확	4195
警護員	경호원	4193
疲困	피곤	4192
補職	보직	4192
政丞	정승	4191
滯症	체증	4189
牽制	견제	4189
與圈	여권	4188
赦免	사면	4187
疏通	소통	4186
補闕	보궐	4184
按舞	안무	4182
骸骨	해골	4181
腎臟	신장	4180
駐屯	주둔	4180
恰似	흡사	4178
陷穽	함정	4178
避妊	피임	4170
同門	동문	4109
耳目	이목	4108
人家	인가	4107
名門	명문	4106
林地	임지	4106
共生	공생	4104
校時	교시	4104
音大	음대	4104
不公正	불공정	4103
外形	외형	4103
空白	공백	4103
公休日	공휴일	4102
生物學	생물학	4102
三角	삼각	4101
人性	인성	4101
共有	공유	4101
分化	분화	4101
初步者	초보자	4101
愛國者	애국자	4101
現世	현세	4101
野生	야생	4101
家臣	가신	4100
登場人物	등장인물	4100
世界史	세계사	4099
公文	공문	4099
地神	지신	4099
市道	시도	4099
平常時	평상시	4099
無形	무형	4099
神學	신학	4099
單一	단일	4098
海物	해물	4098
不實	부실	4097
大衆交通	대중교통	4097
私生活	사생활	4097
前例	전례	4096
品位	품위	4096
私立	사립	4096
空想	공상	4096
停車場	정거장	4095
協同	협동	4095
合法的	합법적	4095
安定的	안정적	4095
生活水準	생활수준	4095
自然的	자연적	4095
食單	식단	4095
使臣	사신	4094
張本人	장본인	4094
政治權力	정치권력	4094
再昨年	재작년	4093
好感	호감	4093
正統性	정통성	4093
萬歲	만세	4093
財數	재수	4093
近代的	근대적	4093
高試	고시	4093
中堅	중견	4092
外製	외제	4092
實務者	실무자	4092
專門化	전문화	4092
浮上	부상	4092
淑女	숙녀	4092
石弓	석궁	4092
非正常的	비정상적	4092
高價	고가	4092
新年辭	신년사	4091
面接	면접	4091
分解	분해	4090
問議	문의	4090
應用	응용	4090
期待感	기대감	4090
無意識的	무의식적	4090
機能性	기능성	4089
信賴性	신뢰성	4088
江邊	강변	4088
漏水	누수	4088
社內	사내	4088
美術史	미술사	4088
不渡	부도	4087
公認	공인	4087
死刑	사형	4087
決算	결산	4087
洗禮	세례	4087
洞察	통찰	4087
發電機	발전기	4087
聖堂	성당	4087
課業	과업	4087
主犯	주범	4086
分配	분배	4086
專門店	전문점	4086
派兵	파병	4086
贊成	찬성	4086
企業體	기업체	4085
媤父母	시부모	4085
建議	건의	4085
感知器	감지기	4085
理髮所	이발소	4085
經營者	경영자	4085
討論者	토론자	4085
公募	공모	4084
公館	공관	4084
右翼	우익	4084
干拓地	간척지	4084
快樂	쾌락	4084
文壇	문단	4084
白骨團	백골단	4084
舊北區	구북구	4084
葬禮式	장례식	4084
記念館	기념관	4084
電球	전구	4084
相關關係	상관관계	4083
豫告	예고	4083
餘念	여념	4083
便益	편익	4082
席次	석차	4082
濫用	남용	4082
臺本	대본	4082
詩的	시적	4082
代議員	대의원	4081
企圖	기도	4081
副院長	부원장	4081
史劇	사극	4081
情緖的	정서적	4081
氣像	기상	4081
窮理	궁리	4081
納得	납득	4081
鄕約	향약	4081
鐵絲	철사	4081
開館	개관	4081
獅子	사자	4080
候補生	후보생	4079
悲劇的	비극적	4079
施行錯誤	시행착오	4079
標準化	표준화	4079
關稅	관세	4079
音盤	음반	4079
餘波	여파	4079
乘船	승선	4078
分泌	분비	4078
召集	소집	4078
學閥	학벌	4078
師團	사단	4078
戶籍	호적	4078
批評家	비평가	4078
敷地	부지	4078
歸鄕	귀향	4078
超過	초과	4078
過激	과격	4078
官營	관영	4075
對應策	대응책	4075
彫刻家	조각가	4075
排他的	배타적	4075
斷片的	단편적	4075
破格的	파격적	4075
碩士	석사	4075
稱號	칭호	4075
競爭率	경쟁률	4075
罪囚	죄수	4075
聽衆	청중	4075
資質	자질	4075
酒煎子	주전자	4075
常套的	상투적	4074
手匣	수갑	4074
疏外感	소외감	4074
私債	사채	4074
招請狀	초청장	4073
刑罰	형벌	4072
劣勢	열세	4072
名銜	명함	4072
撤去	철거	4072
聖域	성역	4072
野圈	야권	4072
零細	영세	4071
療養	요양	4069
要諦	요체	4069
轉換點	전환점	4069
創黨	창당	4068
巡察	순찰	4068
旋律	선율	4068
檢索	검색	4068
災殃	재앙	4068
眩氣症	현기증	4068
確率	확률	4068
閉鎖	폐쇄	4068
骨盤	골반	4068
檢疫	검역	4064
媤宅	시댁	4063
扮裝師	분장사	4063
昆蟲	곤충	4063
窒素	질소	4063
抛棄	포기	4061
幻覺	환각	4060
煤煙	매연	4060
廢墟	폐허	4054
捕虜	포로	4054
管轄	관할	4054
狩獵	수렵	4050
編纂	편찬	4050
上下	상하	3982
江北	강북	3981
中道	중도	3980
二世	이세	3980
平日	평일	3980
自國	자국	3980
山間	산간	3979
國立	국립	3977
天文學者	천문학자	3977
學校長	학교장	3977
春秋	춘추	3977
生死	생사	3977
長老	장로	3977
河口	하구	3976
家計	가계	3975
文化人	문화인	3975
知能	지능	3975
集中力	집중력	3975
一理	일리	3974
一體	일체	3974
名色	명색	3974
君主	군주	3974
善心	선심	3974
所有地	소유지	3974
生體	생체	3974
第三者	제삼자	3974
要地	요지	3974
黃金	황금	3974
公告	공고	3972
公正性	공정성	3972
助言	조언	3972
立體	입체	3972
計定	계정	3972
內容物	내용물	3971
政治力	정치력	3971
永永	영영	3971
男兒	남아	3971
男妹間	남매간	3971
人類學者	인류학자	3970
安全事故	안전사고	3970
家父長制	가부장제	3970
本能的	본능적	3970
遠近法	원근법	3970
容共	용공	3969
少將	소장	3969
文物	문물	3969
時間的	시간적	3969
海水浴場	해수욕장	3969
實用性	실용성	3968
旅行用	여행용	3968
選出	선출	3968
高卒	고졸	3968
食料品	식료품	3967
再現	재현	3966
國選	국선	3966
地價	지가	3966
多量	다량	3966
學窓	학창	3966
序文	서문	3966
效能	효능	3966
有罪	유죄	3966
正宗	정종	3966
紙面	지면	3966
統治者	통치자	3966
製作者	제작자	3966
資本家	자본가	3966
運動會	운동회	3966
郡守	군수	3966
唯一	유일	3965
泰山	태산	3965
修行	수행	3964
別問題	별문제	3964
將星	장성	3964
異性	이성	3964
借名	차명	3963
原典	원전	3963
婚前	혼전	3963
時限	시한	3963
決定論	결정론	3963
號室	호실	3963
表面的	표면적	3963
通船	통선	3963
一員	일원	3962
上映	상영	3962
出刊	출간	3962
受注	수주	3962
處理場	처리장	3962
開放的	개방적	3962
右派	우파	3961
地下資源	지하자원	3961
首腦部	수뇌부	3961
不拘	불구	3960
移民	이민	3960
精神勞動	정신노동	3960
賣買	매매	3960
主演	주연	3959
團長	단장	3959
支配人	지배인	3959
標本	표본	3959
聯立	연립	3959
花壇	화단	3959
金融界	금융계	3959
個性的	개성적	3958
反射的	반사적	3958
必是	필시	3958
敎育費	교육비	3958
當番	당번	3958
議政	의정	3958
財務	재무	3958
低質	저질	3957
公訴	공소	3957
在庫	재고	3957
在職	재직	3957
文庫	문고	3957
施設物	시설물	3957
無斷	무단	3957
獻金	헌금	3957
郊外	교외	3957
服從	복종	3955
末端	말단	3955
每番	매번	3955
海拔	해발	3955
矯正	교정	3955
墓所	묘소	3954
妄發	망발	3954
宇宙船	우주선	3954
得點	득점	3954
情操	정조	3954
政派	정파	3954
敎壇	교단	3954
治療法	치료법	3954
演習	연습	3954
量的	양적	3954
鑛物	광물	3954
非武裝	비무장	3954
中型	중형	3953
官舍	관사	3952
漁獲量	어획량	3952
爭議	쟁의	3952
設或	설혹	3952
謝罪	사죄	3952
電話筒	전화통	3952
恭敬	공경	3951
擔保	담보	3951
當付	당부	3951
消費量	소비량	3950
農器具	농기구	3950
缺如	결여	3949
他社	타사	3948
休紙桶	휴지통	3948
免除	면제	3948
特級	특급	3948
祠堂	사당	3948
絶壁	절벽	3948
繁榮	번영	3948
繼續的	계속적	3948
觀覽	관람	3948
評論	평론	3948
論評	논평	3948
扇風機	선풍기	3946
毒素	독소	3945
治癒	치유	3945
猝地	졸지	3945
猶豫	유예	3945
發砲	발포	3945
胎敎	태교	3945
閉鎖的	폐쇄적	3945
弊害	폐해	3944
絹織物	견직물	3944
沮止	저지	3943
呪文	주문	3942
漸修	점수	3942
管制塔	관제탑	3942
侵攻	침공	3941
專擔	전담	3941
炭鑛	탄광	3941
巨軀	거구	3939
排球	배구	3938
胃臟	위장	3937
請託	청탁	3937
負債	부채	3937
妖精	요정	3936
痼疾的	고질적	3936
稜線	능선	3936
頓悟	돈오	3936
頹廢的	퇴폐적	3936
籠球	농구	3933
瑕疵	하자	3924
同一	동일	3851
子弟	자제	3851
山中	산중	3851
火力	화력	3850
兄弟間	형제간	3849
前年	전년	3849
前方	전방	3848
自由人	자유인	3848
世界人	세계인	3846
君子	군자	3846
平安	평안	3846
文人	문인	3846
民生	민생	3846
法大	법대	3846
立春	입춘	3846
主食	주식	3845
本文	본문	3844
太半	태반	3843
新入	신입	3843
新生	신생	3843
水産	수산	3843
現行法	현행법	3843
下宿生	하숙생	3842
使用法	사용법	3841
分業	분업	3841
大字報	대자보	3841
安定性	안정성	3841
文法	문법	3841
當日	당일	3841
通信使	통신사	3841
長技	장기	3841
內科	내과	3840
外交的	외교적	3840
二元論	이원론	3839
特定人	특정인	3839
四都	사도	3838
形體	형체	3838
後進	후진	3838
故人	고인	3838
會話	회화	3838
殺人者	살인자	3838
每月	매월	3838
流産	유산	3838
自動的	자동적	3838
自願	자원	3838
貧富	빈부	3838
順理	순리	3838
基地村	기지촌	3837
大體的	대체적	3837
展示室	전시실	3837
旅行者	여행자	3837
作別	작별	3836
作業服	작업복	3836
必然	필연	3836
先導者	선도자	3835
分課	분과	3835
加速度	가속도	3835
地質	지질	3835
散文	산문	3835
氣體	기체	3835
無線	무선	3835
異色	이색	3835
秋收	추수	3835
領主	영주	3835
再修生	재수생	3834
土着	토착	3834
市民權	시민권	3834
手續	수속	3834
投手	투수	3834
水深	수심	3834
訪日	방일	3834
實用的	실용적	3833
思想的	사상적	3833
推進力	추진력	3833
氣勝	기승	3833
設計圖	설계도	3833
難産	난산	3833
非現實的	비현실적	3833
中産層	중산층	3832
俗世	속세	3832
利敵	이적	3832
勞苦	노고	3832
巨視	거시	3832
平準化	평준화	3832
微生物	미생물	3832
新石器	신석기	3832
柔道	유도	3832
生活費	생활비	3832
聖地	성지	3832
豫想外	예상외	3832
造化	조화	3832
入團	입단	3831
出資	출자	3831
暴雨	폭우	3831
會員國	회원국	3831
聽取者	청취자	3831
自社	자사	3831
衛生	위생	3831
開拓者	개척자	3831
內譯	내역	3830
實例	실례	3830
實效性	실효성	3830
志願	지원	3830
政變	정변	3830
決議文	결의문	3830
直觀	직관	3830
經理	경리	3830
西紀	서기	3830
速報	속보	3830
高血壓	고혈압	3830
公益	공익	3829
冷氣	냉기	3829
初聲	초성	3829
原資材	원자재	3829
推定	추정	3829
新種	신종	3829
樹種	수종	3829
烈士	열사	3829
肉眼	육안	3829
虛無	허무	3829
電燈	전등	3829
世態	세태	3828
副食	부식	3828
派出婦	파출부	3828
海邊	해변	3828
用役	용역	3828
臨海	임해	3828
身邊	신변	3828
轉學	전학	3828
低賃金	저임금	3827
原則的	원칙적	3827
原稿紙	원고지	3827
莫無可奈	막무가내	3827
買收	매수	3827
件數	건수	3826
客席	객석	3826
忍耐心	인내심	3826
敎皇	교황	3826
民營	민영	3826
義務的	의무적	3826
寫實性	사실성	3825
槪要	개요	3825
正殿	정전	3825
經濟界	경제계	3825
蓋然性	개연성	3825
要職	요직	3825
豫備軍	예비군	3825
貨物船	화물선	3825
修養	수양	3824
實證	실증	3824
實證的	실증적	3824
審問	심문	3824
尊敬	존경	3824
留保	유보	3824
直系	직계	3824
行廊	행랑	3824
造船	조선	3824
妄想	망상	3823
市販	시판	3823
慣性	관성	3823
技巧	기교	3823
援助	원조	3823
敎鍊	교련	3823
新築	신축	3823
釋放	석방	3823
體格	체격	3823
體臭	체취	3823
元帥	원수	3822
叛軍	반군	3822
領收證	영수증	3822
動搖	동요	3821
急增	급증	3821
應急	응급	3821
極致	극치	3821
機關紙	기관지	3821
權益	권익	3821
給與	급여	3821
藝術性	예술성	3821
表象	표상	3821
觀衆	관중	3821
貞節	정절	3821
偏向	편향	3820
否認	부인	3820
感染	감염	3820
次官補	차관보	3820
短資	단자	3820
築防	축방	3820
補藥	보약	3820
對抗的	대항적	3819
會社員	회사원	3819
身柄	신병	3819
波及	파급	3818
組織化	조직화	3818
冊房	책방	3817
商社	상사	3817
官職	관직	3817
短距離	단거리	3817
細菌	세균	3817
虛勢	허세	3817
解除	해제	3817
警報	경보	3817
距離感	거리감	3817
森羅萬象	삼라만상	3815
瞥眼間	별안간	3815
階級章	계급장	3815
假髮	가발	3814
優秀	우수	3814
呼訴	호소	3814
履歷	이력	3814
昇華	승화	3814
監房	감방	3814
磁氣	자기	3814
聽覺	청각	3814
誤差	오차	3814
隱退	은퇴	3814
連繫	연계	3813
恐怖感	공포감	3811
醇化	순화	3811
層階	층계	3810
殘額	잔액	3810
浪漫	낭만	3810
荒蕪地	황무지	3810
典型	전형	3809
鐵條網	철조망	3809
舞踊團	무용단	3808
開墾	개간	3808
卓球	탁구	3807
挫折感	좌절감	3807
漆板	칠판	3807
偶像	우상	3806
羨望	선망	3806
喊聲	함성	3805
傳喝	전갈	3803
收斂	수렴	3803
諦念	체념	3803
圈域	권역	3802
撤廢	철폐	3802
査頓	사돈	3802
殘滓	잔재	3796
萎縮	위축	3796
頹廢	퇴폐	3796
酬酌	수작	3792
泄瀉	설사	3788
七十	칠십	3715
二百	이백	3715
八十	팔십	3715
年中	연중	3715
山川	산천	3714
母女	모녀	3714
江口	강구	3714
前生	전생	3713
千萬	천만	3713
家內	가내	3713
後日	후일	3713
正月	정월	3713
一部分	일부분	3712
地下道	지하도	3712
安心	안심	3712
老母	노모	3712
合成	합성	3711
男女平等	남녀평등	3711
天文學	천문학	3710
衣食住	의식주	3709
天使	천사	3708
書記	서기	3708
字形	자형	3707
放出	방출	3707
水位	수위	3707
野山	야산	3707
野心	야심	3707
頭目	두목	3707
三角形	삼각형	3706
私立學校	사립학교	3706
自己實現	자기실현	3706
事業場	사업장	3705
公示	공시	3705
古代史	고대사	3705
名所	명소	3705
市立	시립	3705
後進國	후진국	3705
戰國	전국	3705
未知	미지	3705
法堂	법당	3705
自進	자진	3705
良人	양인	3705
代表者	대표자	3704
視力	시력	3704
風流	풍류	3704
不義	불의	3703
合理性	합리성	3703
國家論	국가론	3703
表明	표명	3703
中絶	중절	3702
個人主義	개인주의	3702
固定	고정	3702
將兵	장병	3702
民政	민정	3702
行進	행진	3702
開場	개장	3702
下宿	하숙	3701
中葉	중엽	3701
問題作	문제작	3701
外敵	외적	3701
外觀	외관	3701
大法院長	대법원장	3701
朝鮮語	조선어	3701
鄕土	향토	3701
音樂會	음악회	3701
定說	정설	3700
志願者	지원자	3700
原始的	원시적	3699
合唱	합창	3699
宿命	숙명	3699
決算書	결산서	3699
組合長	조합장	3699
肉體勞動	육체노동	3699
興行	흥행	3699
談話	담화	3699
達成	달성	3699
先後輩	선후배	3698
大勢	대세	3698
帝王	제왕	3698
華北	화북	3698
除外	제외	3698
佛語	불어	3697
保溫	보온	3697
保證人	보증인	3697
先進的	선진적	3697
地域主義	지역주의	3697
地球村	지구촌	3697
多樣化	다양화	3697
宗敎界	종교계	3697
實業	실업	3697
對外的	대외적	3697
才致	재치	3697
現象學	현상학	3697
先驅者	선구자	3696
兒童	아동	3696
安靜	안정	3696
密室	밀실	3696
採用	채용	3696
時勢	시세	3696
木曜日	목요일	3696
通報	통보	3696
鄕村	향촌	3696
中途	중도	3695
入港	입항	3695
建築家	건축가	3695
施行令	시행령	3695
會議室	회의실	3695
正確性	정확성	3695
貴族的	귀족적	3695
丈母	장모	3694
佛性	불성	3694
別味	별미	3694
半導體	반도체	3694
富營養化	부영양화	3694
想念	상념	3694
構內	구내	3694
石塔	석탑	3694
積金	적금	3694
罪惡	죄악	3694
草創期	초창기	3694
雜草	잡초	3694
出演料	출연료	3693
暴落	폭락	3693
相續	상속	3693
眞空管	진공관	3693
輕視	경시	3693
光澤	광택	3692
劃一的	획일적	3692
國庫	국고	3692
巷間	항간	3692
指向的	지향적	3692
時差	시차	3692
束手無策	속수무책	3692
短期的	단기적	3692
透明	투명	3692
依存	의존	3691
修理	수리	3691
健康食品	건강식품	3691
參拜	참배	3691
團體戰	단체전	3691
地域的	지역적	3691
成績表	성적표	3691
熱望	열망	3691
修道僧	수도승	3690
底意	저의	3690
改札口	개찰구	3690
解讀	해독	3690
丁寧	정녕	3689
全額	전액	3689
全黨	전당	3689
兩黨	양당	3689
再修	재수	3689
相續稅	상속세	3689
突風	돌풍	3689
衝動的	충동적	3689
連續性	연속성	3689
丹田呼吸	단전호흡	3688
宇宙論	우주론	3688
旣往	기왕	3688
特種	특종	3688
螢光燈	형광등	3688
顧問	고문	3688
儀禮的	의례적	3687
商街	상가	3687
園藝	원예	3687
存續	존속	3687
守衛	수위	3687
尊嚴性	존엄성	3687
慈悲	자비	3687
戰警	전경	3687
操業	조업	3687
根幹	근간	3687
樂團	악단	3687
歷史冊	역사책	3687
爭奪戰	쟁탈전	3687
結社	결사	3687
聯想	연상	3687
鳥類	조류	3687
似而非	사이비	3686
母胎	모태	3686
乾達	건달	3685
測定器	측정기	3685
實査	실사	3684
對備策	대비책	3684
微視	미시	3684
經營權	경영권	3684
摘發	적발	3683
汚物	오물	3683
管理職	관리직	3683
附加	부가	3683
頻度	빈도	3683
庵子	암자	3682
携帶品	휴대품	3682
喜悅	희열	3681
推移	추이	3681
極盛	극성	3681
歡喜	환희	3681
殺傷	살상	3681
爆笑	폭소	3681
遷都	천도	3681
骨董品	골동품	3681
實況	실황	3680
手帖	수첩	3680
服裝	복장	3680
演奏會	연주회	3680
指導層	지도층	3679
特派員	특파원	3679
超越的	초월적	3679
位牌	위패	3678
地殼	지각	3678
悔恨	회한	3678
戒律	계율	3678
書齋	서재	3678
浪漫的	낭만적	3678
液體	액체	3678
破滅	파멸	3678
被殺	피살	3678
講壇	강단	3678
豪華	호화	3678
酋長	추장	3678
驛舍	역사	3678
橫說竪說	횡설수설	3677
舍廊房	사랑방	3677
稼動	가동	3675
語彙	어휘	3675
仲裁	중재	3674
帳幕	장막	3674
踏査	답사	3674
制御	제어	3672
終熄	종식	3672
體軀	체구	3672
提携	제휴	3671
傾斜	경사	3670
奇襲	기습	3670
專屬	전속	3670
貢獻	공헌	3670
騷亂	소란	3670
麥酒甁	맥주병	3669
官邸	관저	3667
傲慢	오만	3666
沙鉢	사발	3666
伽倻琴	가야금	3660
包袋	포대	3660
穿孔	천공	3660
謙遜	겸손	3660
詛呪	저주	3645
世人	세인	3572
二兵	이병	3572
自立	자립	3572
國外	국외	3571
東西古今	동서고금	3571
自主	자주	3571
馬車	마차	3571
不可能	불가능	3570
耳目口鼻	이목구비	3570
一流	일류	3569
三代	삼대	3569
中等	중등	3569
學長	학장	3569
日數	일수	3569
日本式	일본식	3569
日本語	일본어	3569
時事	시사	3569
植生	식생	3569
民間人	민간인	3569
求人	구인	3569
見學	견학	3569
言行	언행	3569
車道	차도	3569
近年	근년	3569
不在者	부재자	3568
書記長	서기장	3568
三八線	삼팔선	3567
公正	공정	3567
工場長	공장장	3567
書面	서면	3567
正初	정초	3567
三一節	삼일절	3566
在來式	재래식	3566
女神	여신	3566
工作	공작	3566
理事國	이사국	3566
靑色	청색	3566
西洋式	서양식	3565
靑年期	청년기	3565
下戶	하호	3564
中止	중지	3564
先史	선사	3564
國立公園	국립공원	3564
寸志	촌지	3564
後聞	후문	3564
日當	일당	3564
現代化	현대화	3564
主禮	주례	3563
先天的	선천적	3563
王族	왕족	3563
目的地	목적지	3563
人文的	인문적	3562
作業室	작업실	3562
失業者	실업자	3562
以北	이북	3561
作曲	작곡	3561
勝者	승자	3561
圖式	도식	3561
始終	시종	3561
成敗	성패	3561
法治主義	법치주의	3561
溫室	온실	3561
科長	과장	3561
門間房	문간방	3561
個人戰	개인전	3560
廣木	광목	3560
敎育界	교육계	3560
誠金	성금	3560
關北	관북	3560
法令	법령	3559
身分證	신분증	3559
食中毒	식중독	3559
下請	하청	3558
不勞	불로	3558
使用量	사용량	3558
例外的	예외적	3558
傳來	전래	3558
古鐵	고철	3558
政治史	정치사	3558
時效	시효	3558
本店	본점	3558
産業體	산업체	3558
論理學	논리학	3558
貧血	빈혈	3558
運數	운수	3558
領事	영사	3558
餘分	여분	3558
中聲	중성	3557
工事費	공사비	3557
水泳場	수영장	3557
淨土	정토	3557
骨子	골자	3557
取得	취득	3556
實技	실기	3556
時代劇	시대극	3556
總書記	총서기	3556
論意	논의	3556
韓醫師	한의사	3556
修交	수교	3555
功勞	공로	3555
後退	후퇴	3555
立證	입증	3555
耕地	경지	3555
財物	재물	3555
遺書	유서	3555
黨大會	당대회	3555
原子爐	원자로	3554
同點	동점	3554
天幕	천막	3554
深夜	심야	3554
皮相的	피상적	3554
解說者	해설자	3554
進步的	진보적	3554
重金屬	중금속	3554
內需	내수	3553
募金	모금	3553
史官	사관	3553
史觀	사관	3553
回收	회수	3553
太陽系	태양계	3553
寶石	보석	3553
小包	소포	3553
從軍	종군	3553
心術	심술	3553
情景	정경	3553
故意的	고의적	3553
水攻	수공	3553
賦金	부금	3553
運轉手	운전수	3553
鑛山	광산	3553
世俗的	세속적	3552
元素	원소	3552
勸告	권고	3552
染色體	염색체	3552
歷史意識	역사의식	3552
觀察者	관찰자	3552
豫算書	예산서	3552
古宮	고궁	3551
國寶	국보	3551
後任	후임	3551
車費	차비	3551
隨行	수행	3551
下旬	하순	3550
人脈	인맥	3550
實效	실효	3550
實權	실권	3550
實質	실질	3550
形局	형국	3550
往復	왕복	3550
愛着	애착	3550
收買	수매	3550
暗號	암호	3550
制動	제동	3549
執筆	집필	3549
愼重	신중	3549
才幹	재간	3549
文段	문단	3549
球場	구장	3549
禮遇	예우	3549
脫走	탈주	3549
裁定	재정	3549
記述	기술	3549
軍縮	군축	3549
連敗	연패	3549
交響樂團	교향악단	3548
佛經	불경	3548
現職	현직	3548
肉類	육류	3548
主賓	주빈	3547
復權	복권	3547
節減	절감	3547
老莊	노장	3547
自衛隊	자위대	3547
觀念的	관념적	3547
變質	변질	3547
過誤	과오	3547
刷新	쇄신	3546
團結	단결	3546
妥結	타결	3546
寒波	한파	3546
屈曲	굴곡	3546
德澤	덕택	3546
想像的	상상적	3546
敎團	교단	3546
構造物	구조물	3546
樂譜	악보	3546
照會	조회	3546
發刊	발간	3546
粉紅色	분홍색	3546
終點	종점	3546
血緣	혈연	3546
親睦	친목	3546
超音波	초음파	3546
長距離	장거리	3546
初旬	초순	3545
恣意的	자의적	3545
全貌	전모	3544
機械化	기계화	3544
營養價	영양가	3544
祭典	제전	3544
航空社	항공사	3544
講演會	강연회	3544
傭兵	용병	3543
寺院	사원	3543
感銘	감명	3543
行悖	행패	3543
辨證法	변증법	3543
陰害	음해	3543
妨害罪	방해죄	3542
寫眞館	사진관	3542
市況	시황	3542
情況	정황	3542
惡影響	악영향	3542
歐美	구미	3542
週間	주간	3542
醉氣	취기	3542
年齡層	연령층	3541
疲勞感	피로감	3541
假借	가차	3540
再檢討	재검토	3540
函數	함수	3540
吸煙	흡연	3540
廣域	광역	3540
憲章	헌장	3540
斷髮令	단발령	3540
暗褐色	암갈색	3540
機種	기종	3540
浮揚	부양	3540
特徵的	특징적	3540
稅務署	세무서	3540
職權	직권	3540
解脫	해탈	3540
詩壇	시단	3540
質疑	질의	3540
配給	배급	3540
野蠻的	야만적	3540
靈的	영적	3540
斜線	사선	3539
攻擊的	공격적	3538
困境	곤경	3537
安堵	안도	3537
投稿	투고	3537
混雜	혼잡	3537
炎症	염증	3537
牌頭	패두	3537
粉紅	분홍	3537
退潮	퇴조	3537
退陣	퇴진	3537
逆轉	역전	3537
投票率	투표율	3536
糖尿病	당뇨병	3536
進陟	진척	3535
管制	관제	3534
純粹性	순수성	3534
仲媒	중매	3533
器械	기계	3533
底邊	저변	3533
忌避	기피	3533
腦裏	뇌리	3533
銅像	동상	3533
靜寂	정적	3533
龍宮	용궁	3533
拉致	납치	3532
癌細胞	암세포	3532
號俸	호봉	3532
曹溪宗	조계종	3531
據點	거점	3529
當籤	당첨	3529
社債	사채	3529
魂靈	혼령	3529
推拿	추나	3528
經綸	경륜	3526
鹽酸	염산	3526
伴奏	반주	3525
冠帽	관모	3525
肺癌	폐암	3525
鍛鍊	단련	3525
狹軌	협궤	3521
剖檢	부검	3519
影幀	영정	3519
掌匣	장갑	3519
癎疾	간질	3519
負袋	부대	3519
汽笛	기적	3516
灌漑	관개	3510
下水	하수	3426
六十	육십	3426
年上	연상	3426
生水	생수	3426
北門	북문	3425
南東	남동	3425
手足	수족	3425
王世子	왕세자	3425
天道	천도	3424
女子部	여자부	3424
生後	생후	3424
內衣	내의	3423
半年	반년	3423
外信	외신	3423
學內	학내	3423
一石二鳥	일석이조	3422
不可	불가	3422
元年	원년	3421
公田	공전	3421
出場	출장	3421
前身	전신	3421
同門會	동문회	3421
外面	외면	3421
大自然	대자연	3421
大路	대로	3421
正立	정립	3421
女流	여류	3420
東西洋	동서양	3420
水路	수로	3420
大臣	대신	3419
定立	정립	3419
用意	용의	3419
萬年筆	만년필	3419
軍用	군용	3419
門外漢	문외한	3419
事大主義	사대주의	3418
友好	우호	3418
反問	반문	3418
巨人	거인	3418
巨大	거대	3418
後代	후대	3418
心血	심혈	3418
樹木	수목	3418
治下	치하	3418
老化	노화	3418
近海	근해	3418
實力者	실력자	3417
不和	불화	3416
兩面	양면	3416
太初	태초	3416
好意	호의	3416
安全性	안전성	3416
愛國	애국	3416
民意	민의	3416
登記	등기	3416
表現力	표현력	3416
主敎	주교	3415
原色	원색	3415
口味	구미	3415
合理主義	합리주의	3415
大學街	대학가	3415
式場	식장	3415
弱化	약화	3415
新女性	신여성	3415
自宅	자택	3415
作業場	작업장	3414
理事會	이사회	3414
二次	이차	3413
分別	분별	3413
圖形	도형	3413
引出	인출	3413
敗者	패자	3413
新作	신작	3413
死活	사활	3413
法度	법도	3413
用紙	용지	3413
美學的	미학적	3413
談合	담합	3413
土種	토종	3412
家庭敎育	가정교육	3412
席上	석상	3412
幸福感	행복감	3412
水害	수해	3412
洞事務所	동사무소	3412
言語的	언어적	3412
證明書	증명서	3412
革命家	혁명가	3412
不許	불허	3411
交通量	교통량	3411
回想	회상	3411
回戰	회전	3411
官家	관가	3411
家電製品	가전제품	3411
必然性	필연성	3411
志向性	지향성	3411
一端	일단	3410
住持	주지	3410
保守主義	보수주의	3410
共存	공존	3410
動物園	동물원	3410
參加者	참가자	3410
古參	고참	3410
引用	인용	3410
果樹	과수	3410
法科	법과	3410
習性	습성	3410
親善	친선	3410
潛在力	잠재력	3409
精神力	정신력	3409
優先順位	우선순위	3408
再發	재발	3408
再開	재개	3408
初試	초시	3408
故意	고의	3408
統一的	통일적	3408
軍備	군비	3408
但書	단서	3407
修學旅行	수학여행	3407
女性像	여성상	3407
客體	객체	3407
序頭	서두	3407
情感	정감	3407
朝刊新聞	조간신문	3407
此後	차후	3407
決定權	결정권	3407
滿足感	만족감	3407
祝福	축복	3407
移行	이행	3407
美術品	미술품	3407
職業人	직업인	3407
落鄕	낙향	3407
補助金	보조금	3407
言聲	언성	3407
證明	증명	3407
變形	변형	3407
不快感	불쾌감	3406
持久力	지구력	3406
指針書	지침서	3406
敎育的	교육적	3406
日誌	일지	3406
暴雪	폭설	3406
有機物	유기물	3406
修士	수사	3405
圖章	도장	3405
左派	좌파	3405
底力	저력	3405
急性	급성	3405
操心	조심	3405
會議體	회의체	3405
期末	기말	3405
無爲	무위	3405
碑石	비석	3405
節理	절리	3405
良心囚	양심수	3405
高位級	고위급	3405
黨內	당내	3405
全盛期	전성기	3404
公衆	공중	3404
始發點	시발점	3404
感性的	감성적	3404
救助	구조	3404
新素材	신소재	3404
施賞式	시상식	3404
暗黑	암흑	3404
烈風	열풍	3404
移植	이식	3404
精神病	정신병	3404
認知	인지	3404
交通警察	교통경찰	3403
交際	교제	3403
信賴感	신뢰감	3403
學派	학파	3403
正宮	정궁	3403
糧食	양식	3403
配車	배차	3403
修習	수습	3402
創造者	창조자	3402
實驗室	실험실	3402
相談員	상담원	3402
私設	사설	3402
約婚式	약혼식	3402
計劃表	계획표	3402
難關	난관	3402
女湯	여탕	3401
新婚	신혼	3401
男湯	남탕	3401
立候補者	입후보자	3401
舊石器	구석기	3401
莊土	장토	3401
陰陽	음양	3401
倫理的	윤리적	3400
反擊	반격	3400
潮流	조류	3400
無試驗	무시험	3400
納品	납품	3400
納稅者	납세자	3400
要塞	요새	3400
計劃的	계획적	3400
選擧戰	선거전	3400
周波數	주파수	3399
宇宙觀	우주관	3399
崇拜	숭배	3399
已往	이왕	3399
怨望	원망	3399
時機尙早	시기상조	3399
月刊誌	월간지	3399
期限	기한	3399
減量	감량	3399
着陸	착륙	3399
過渡期	과도기	3399
僞善	위선	3398
優待	우대	3398
共産圈	공산권	3398
創造性	창조성	3398
善導	선도	3398
放置	방치	3398
新銳	신예	3398
熱量	열량	3398
聯政	연정	3398
融通性	융통성	3398
鑛業	광업	3398
靈性	영성	3398
倭軍	왜군	3397
信憑性	신빙성	3396
優秀性	우수성	3396
執念	집념	3396
接續	접속	3396
操縱士	조종사	3396
漂流	표류	3396
理想型	이상형	3396
試驗紙	시험지	3396
單層	단층	3395
孤兒	고아	3395
攻防	공방	3395
最適	최적	3395
演奏者	연주자	3395
短縮	단축	3395
觸感	촉감	3395
防犯	방범	3395
副委員長	부위원장	3394
攻擊性	공격성	3394
管理費	관리비	3394
寄附金	기부금	3393
發射臺	발사대	3393
依賴	의뢰	3392
奉還	봉환	3392
巖壁	암벽	3392
怨恨	원한	3392
承諾	승낙	3392
接境	접경	3392
旣婚	기혼	3392
極限	극한	3392
榮譽	영예	3392
橋梁	교량	3392
看破	간파	3392
總選擧	총선거	3392
販賣員	판매원	3392
選擧區	선거구	3392
遺骨	유골	3392
醫術	의술	3392
雙務	쌍무	3392
當該	당해	3391
醉客	취객	3391
監督官	감독관	3390
勸誘	권유	3389
慧眼	혜안	3389
旅團	여단	3389
突破	돌파	3389
虛像	허상	3389
跛行	파행	3389
退院	퇴원	3389
逸脫	일탈	3389
階級鬪爭	계급투쟁	3389
齒痛	치통	3389
備蓄	비축	3388
徵收	징수	3388
某種	모종	3388
附設	부설	3388
舞蹈會	무도회	3387
賃貸料	임대료	3387
讚辭	찬사	3386
養殖	양식	3386
提訴	제소	3385
痛哭	통곡	3385
規程	규정	3385
觸覺	촉각	3385
豫程	예정	3385
返還	반환	3385
郵票	우표	3385
對峙	대치	3384
疏林	소림	3384
關鍵	관건	3384
累積	누적	3382
封鎖	봉쇄	3381
幽靈	유령	3381
延滯	연체	3381
掠奪	약탈	3381
遲延	지연	3381
睡眠劑	수면제	3379
蔘鷄湯	삼계탕	3379
報酬	보수	3378
烙印	낙인	3377
燒酒盞	소주잔	3375
燈盞	등잔	3374
繃帶	붕대	3371
彷徨	방황	3368
一心	일심	3272
三千	삼천	3272
天上	천상	3272
手中	수중	3272
母子	모자	3272
中學	중학	3270
力不足	역부족	3270
自家	자가	3270
先入見	선입견	3269
工大	공대	3269
母校	모교	3269
高入	고입	3269
不可分	불가분	3268
不能	불능	3268
本家	본가	3268
高校生	고교생	3268
三等	삼등	3267
主事	주사	3267
人品	인품	3267
在學生	재학생	3267
天文	천문	3267
明朝	명조	3267
本名	본명	3267
萬事	만사	3267
重心	중심	3267
道知事	도지사	3266
兩家	양가	3265
南向	남향	3265
在來	재래	3265
外國産	외국산	3265
亡命	망명	3264
亡身	망신	3264
心氣	심기	3264
步道	보도	3264
死後	사후	3264
母性	모성	3264
母親	모친	3264
由來	유래	3264
發足	발족	3264
落書	낙서	3264
角木	각목	3264
通知書	통지서	3264
中心街	중심가	3263
前近代	전근대	3263
告發人	고발인	3263
小市民	소시민	3263
小農民	소농민	3263
居住地	거주지	3263
中將	중장	3262
人間觀	인간관	3262
前半期	전반기	3262
大將	대장	3262
所行	소행	3262
新文學	신문학	3262
新正	신정	3262
朝會	조회	3262
無知	무지	3262
産地	산지	3262
等式	등식	3262
語文	어문	3262
重工業	중공업	3262
不注意	부주의	3261
中世的	중세적	3261
中立的	중립적	3261
人工的	인공적	3261
光速	광속	3261
性交	성교	3261
無力感	무력감	3261
私田	사전	3261
考古學	고고학	3261
記念行事	기념행사	3261
黑雲母	흑운모	3261
內修道文	내수도문	3260
地動說	지동설	3260
士官學校	사관학교	3260
集合	집합	3260
功臣	공신	3259
品性	품성	3259
外面的	외면적	3259
學說	학설	3259
手數料	수수료	3259
死角	사각	3259
私有	사유	3259
老夫婦	노부부	3259
一圓	일원	3258
光線	광선	3258
校庭	교정	3258
熱心	열심	3258
白內障	백내장	3258
百番	백번	3258
目次	목차	3258
給水	급수	3258
出演者	출연자	3257
接合	접합	3257
文武	문무	3257
無期	무기	3257
表記	표기	3257
主觀	주관	3256
使用料	사용료	3256
先唱	선창	3256
先覺者	선각자	3256
凶年	흉년	3256
可觀	가관	3256
失業	실업	3256
打者	타자	3256
時急	시급	3256
時調	시조	3256
最多	최다	3256
溫氣	온기	3256
直星	직성	3256
算數	산수	3256
終結	종결	3256
耕作者	경작자	3256
育兒法	육아법	3256
重視	중시	3256
一列	일렬	3255
告訴人	고소인	3255
外勢	외세	3255
始終一貫	시종일관	3255
幼年	유년	3255
水素	수소	3255
浮力	부력	3255
眞實性	진실성	3255
着手	착수	3255
移入	이입	3255
精神病者	정신병자	3255
細部	세부	3255
住宅街	주택가	3254
太陽熱	태양열	3254
宿直室	숙직실	3254
實戰	실전	3254
小說冊	소설책	3254
文明社會	문명사회	3254
武臣	무신	3254
民間團體	민간단체	3254
進度	진도	3254
運命的	운명적	3254
針葉樹林	침엽수림	3254
隱然中	은연중	3254
靈安室	영안실	3254
公的	공적	3253
國益	국익	3253
婚事	혼사	3253
數億	수억	3253
未練	미련	3253
注油所	주유소	3253
混合	혼합	3253
火曜日	화요일	3253
着工	착공	3253
神經戰	신경전	3253
秋穀	추곡	3253
約定	약정	3253
處長	처장	3253
行脚	행각	3253
適正	적정	3253
養育	양육	3253
一躍	일약	3252
丈人	장인	3252
上院	상원	3252
中隊	중대	3252
二酸化黃	이산화황	3252
亭子	정자	3252
敎育熱	교육열	3252
有機體	유기체	3252
無電機	무전기	3252
王陵	왕릉	3252
開途國	개도국	3252
閣下	각하	3252
非常事態	비상사태	3252
額子	액자	3252
內査	내사	3251
外換	외환	3251
擔任先生	담임선생	3251
改造	개조	3251
根絶	근절	3251
條目條目	조목조목	3251
節度	절도	3251
罪意識	죄의식	3251
軍醫官	군의관	3251
保護者	보호자	3250
反射	반사	3250
團合	단합	3250
宮合	궁합	3250
形勢	형세	3250
永久	영구	3250
油印物	유인물	3250
深化	심화	3250
發效	발효	3250
瞬發力	순발력	3250
社會相	사회상	3250
船首	선수	3250
賢母良妻	현모양처	3250
顔面	안면	3250
下宿費	하숙비	3249
世帶	세대	3249
主管	주관	3249
判斷力	판단력	3249
契約金	계약금	3249
字幕	자막	3249
安息	안식	3249
履行	이행	3249
殉敎者	순교자	3249
神經質	신경질	3249
護國	호국	3249
靑銅	청동	3249
分析的	분석적	3248
合唱團	합창단	3248
季節風	계절풍	3248
密集	밀집	3248
感興	감흥	3248
本考査	본고사	3248
無秩序	무질서	3248
社會性	사회성	3248
解放感	해방감	3248
連勝	연승	3248
上昇勢	상승세	3247
井神	정신	3247
創意	창의	3247
協議體	협의체	3247
國粹主義	국수주의	3247
洋弓	양궁	3247
深度	심도	3247
無痛	무통	3247
禁物	금물	3247
競走	경주	3247
等級	등급	3247
終聲	종성	3247
記念碑	기념비	3247
誤發	오발	3247
黑色宣傳	흑색선전	3247
反抗	반항	3246
思索	사색	3246
染色	염색	3246
滅亡	멸망	3246
潛在的	잠재적	3246
獨逸語	독일어	3246
贊反	찬반	3246
電源	전원	3246
使節團	사절단	3245
慘事	참사	3245
敍事詩	서사시	3245
武藝	무예	3245
終了	종료	3245
試案	시안	3245
議決	의결	3245
傳染病	전염병	3244
副業	부업	3244
妙味	묘미	3244
守護	수호	3244
宣敎	선교	3244
專業	전업	3244
幼兒	유아	3244
性慾	성욕	3244
惡黨	악당	3244
氣槪	기개	3244
産災	산재	3244
留置場	유치장	3244
疑問點	의문점	3244
神經痛	신경통	3244
突然	돌연	3244
經濟性	경제성	3244
脫線	탈선	3244
藝術品	예술품	3244
視聽	시청	3244
誘發	유발	3244
離農	이농	3244
出捐	출연	3243
匠人	장인	3243
卽興的	즉흥적	3243
受精卵	수정란	3243
抵抗力	저항력	3243
暫定	잠정	3243
石灰	석회	3243
磁石	자석	3243
禪定	선정	3243
重複	중복	3243
門閥	문벌	3243
他殺	타살	3242
免許	면허	3242
司法府	사법부	3242
復歸	복귀	3242
收拾	수습	3242
減免	감면	3242
誇示	과시	3242
遺傳	유전	3242
偶發的	우발적	3241
協奏曲	협주곡	3241
宜當	의당	3241
密閉	밀폐	3241
平穩	평온	3241
感觸	감촉	3241
挑戰的	도전적	3241
災難	재난	3241
砲兵	포병	3241
簡素化	간소화	3241
組別	조별	3241
視點	시점	3241
送還	송환	3241
運轉免許	운전면허	3241
過渡	과도	3241
配當	배당	3241
傲氣	오기	3240
嫌惡	혐오	3240
容貌	용모	3240
戒嚴令	계엄령	3240
戰鬪機	전투기	3240
牧畜業	목축업	3240
紛失	분실	3240
美粧院	미장원	3240
聯盟戰	연맹전	3240
荒野	황야	3240
堤防	제방	3238
憂愁	우수	3238
拒絶	거절	3238
洗腦	세뇌	3238
減員	감원	3238
破片	파편	3238
經濟特區	경제특구	3238
綱領	강령	3238
胎動	태동	3238
轉換期	전환기	3238
醫員	의원	3238
闊葉樹	활엽수	3238
喬木	교목	3237
徵集	징집	3237
破局	파국	3237
蓄財	축재	3237
阿修羅場	아수라장	3237
裝飾品	장식품	3236
試驗管	시험관	3236
象徵體系	상징체계	3236
贈與稅	증여세	3236
驛務員	역무원	3236
俗稱	속칭	3235
優勢	우세	3235
包裝紙	포장지	3235
司祭	사제	3235
喜劇	희극	3235
困辱	곤욕	3235
憾情	감정	3235
應援	응원	3235
戒嚴	계엄	3235
探索	탐색	3235
果汁	과즙	3235
爆破	폭파	3235
盜聽	도청	3235
破損	파손	3235
紀律	기율	3235
諸侯	제후	3235
證票	증표	3235
躁急性	조급성	3235
追窮	추궁	3235
急騰	급등	3234
押收	압수	3234
竣工	준공	3234
核燃料	핵연료	3233
系譜	계보	3233
專制	전제	3232
遜色	손색	3232
創刊	창간	3231
攻略	공략	3231
浪漫派	낭만파	3231
爆擊	폭격	3231
鎔巖	용암	3229
偏差	편차	3227
煩惱	번뇌	3227
糾彈	규탄	3227
鏡臺	경대	3227
丹楓	단풍	3226
彫刻像	조각상	3226
晩餐	만찬	3226
酵素	효소	3226
撞球	당구	3223
毆打	구타	3223
消耗	소모	3223
砲丸	포환	3223
粉塵	분진	3223
缺乏	결핍	3223
艦隊	함대	3223
融資	융자	3223
鼓膜	고막	3223
藉勢	자세	3221
搭乘	탑승	3220
腕章	완장	3216
倭寇	왜구	3213
剽竊	표절	3213
寂寞	적막	3213
膺懲	응징	3213
人魚	인어	3109
年金	연금	3109
父子	부자	3109
土木	토목	3108
東西南北	동서남북	3108
入國	입국	3107
合一	합일	3107
人身	인신	3106
家父長	가부장	3106
成火	성화	3106
日光	일광	3106
木工	목공	3106
一村	일촌	3104
人事法	인사법	3104
作木	작목	3104
全人	전인	3104
同時代	동시대	3104
國民學生	국민학생	3104
國道	국도	3104
弱小國	약소국	3104
文學人	문학인	3104
民田	민전	3104
生活人	생활인	3104
用地	용지	3104
美名	미명	3104
長時間	장시간	3104
面目	면목	3104
不安定	불안정	3103
近方	근방	3103
銀行長	은행장	3103
下向	하향	3102
中心線	중심선	3102
國文	국문	3102
士兵	사병	3102
家電	가전	3102
明太	명태	3102
無能	무능	3102
自主性	자주성	3102
代行	대행	3101
出頭	출두	3101
大家族	대가족	3101
大洋	대양	3101
氣力	기력	3101
生活相	생활상	3101
童心	동심	3101
自然界	자연계	3101
自首	자수	3101
行步	행보	3101
高法	고법	3101
世界化	세계화	3100
大會場	대회장	3100
婦女子	부녀자	3100
工業國	공업국	3100
技能工	기능공	3100
文化生活	문화생활	3100
無氣力	무기력	3100
不信感	불신감	3099
先入觀	선입관	3099
單行本	단행본	3099
大師	대사	3099
始初	시초	3099
年表	연표	3099
後半期	후반기	3099
愛好家	애호가	3099
所見	소견	3099
時間表	시간표	3099
期日	기일	3099
活動家	활동가	3099
英文學	영문학	3099
近代化	근대화	3099
住宅地	주택지	3098
內部的	내부적	3098
力學的	역학적	3098
多目的	다목적	3098
女兒	여아	3098
始動	시동	3098
師父	사부	3098
最前方	최전방	3098
會食	회식	3098
生動感	생동감	3098
草綠	초록	3098
防川	방천	3098
音色	음색	3098
食性	식성	3098
主體思想	주체사상	3097
代表部	대표부	3097
外叔母	외숙모	3097
性理學	성리학	3097
新作路	신작로	3097
新生兒	신생아	3097
非公式	비공식	3097
上典	상전	3096
休業	휴업	3096
信義	신의	3096
先例	선례	3096
入場料	입장료	3096
兵科	병과	3096
可望	가망	3096
因子	인자	3096
客地	객지	3096
家宅	가택	3096
常時	상시	3096
後送	후송	3096
忠誠心	충성심	3096
敎化	교화	3096
永遠	영원	3096
流血	유혈	3096
豊年	풍년	3096
非正常	비정상	3096
韓藥	한약	3096
使命感	사명감	3095
個年	개년	3095
半島	반도	3095
同窓會	동창회	3095
同質性	동질성	3095
大理巖	대리암	3095
太陽神	태양신	3095
工科	공과	3095
最小	최소	3095
植物性	식물성	3095
生理的	생리적	3095
生産的	생산적	3095
設計者	설계자	3095
醫學界	의학계	3095
中央部	중앙부	3094
侍天主	시천주	3094
十字架	십자가	3094
口舌數	구설수	3094
大丈夫	대장부	3094
普通學校	보통학교	3094
記憶力	기억력	3094
運動選手	운동선수	3094
人文系	인문계	3093
傳言	전언	3093
先達	선달	3093
分給	분급	3093
到來	도래	3093
單元	단원	3093
始期	시기	3093
客室	객실	3093
少領	소령	3093
惡性	악성	3093
意識化	의식화	3093
慶事	경사	3093
打字	타자	3093
有效	유효	3093
漁場	어장	3093
現實性	현실성	3093
風味	풍미	3093
內則	내칙	3092
半世紀	반세기	3092
商工	상공	3092
大乘	대승	3092
實存主義	실존주의	3092
少量	소량	3092
山頂	산정	3092
異民族	이민족	3092
白沙場	백사장	3092
證人	증인	3092
部隊長	부대장	3092
保證金	보증금	3091
地下鐵驛	지하철역	3091
宣言文	선언문	3091
技師	기사	3091
改良	개량	3091
放浪者	방랑자	3091
時期的	시기적	3091
發令	발령	3091
禮拜	예배	3091
前歷	전력	3090
動的	동적	3090
原子核	원자핵	3090
參考書	참고서	3090
天文臺	천문대	3090
奉仕者	봉사자	3090
子會社	자회사	3090
寒氣	한기	3090
常備軍	상비군	3090
形態美	형태미	3090
急先務	급선무	3090
性味	성미	3090
數量	수량	3090
樂園	낙원	3090
自然保護	자연보호	3090
街路	가로	3090
認可	인가	3090
音節	음절	3090
風船	풍선	3090
一介	일개	3089
上司	상사	3089
上級	상급	3089
下層	하층	3089
下院	하원	3089
企業家	기업가	3089
供出	공출	3089
保證書	보증서	3089
國語辭典	국어사전	3089
年輪	연륜	3089
座中	좌중	3089
庶子	서자	3089
形象化	형상화	3089
抽出	추출	3089
旅人宿	여인숙	3089
會長團	회장단	3089
月刊	월간	3089
生態	생태	3089
美製	미제	3089
貴金屬	귀금속	3089
陳情書	진정서	3089
靑紅	청홍	3089
侍女	시녀	3088
內幕	내막	3088
再起	재기	3088
參戰	참전	3088
基督敎人	기독교인	3088
家系	가계	3088
左側	좌측	3088
接戰	접전	3088
操心操心	조심조심	3088
敎官	교관	3088
樂章	악장	3088
涉外	섭외	3088
西域	서역	3088
運送	운송	3088
院內	원내	3088
高位層	고위층	3088
鼓手	고수	3088
先制	선제	3087
創意性	창의성	3087
待機室	대기실	3087
擧動	거동	3087
政敵	정적	3087
材質	재질	3087
消費文化	소비문화	3087
淸淨	청정	3087
演習場	연습장	3087
直感的	직감적	3087
社會面	사회면	3087
船體	선체	3087
限定	한정	3087
順從	순종	3087
亂立	난립	3086
任用	임용	3086
係長	계장	3086
前任	전임	3086
創造力	창조력	3086
參政權	참정권	3086
慰問	위문	3086
有償	유상	3086
有機	유기	3086
正刻	정각	3086
灰白色	회백색	3086
花環	화환	3086
花鬪	화투	3086
造船所	조선소	3086
養老院	양로원	3086
放射線	방사선	3085
核家族	핵가족	3085
次例次例	차례차례	3085
民防衛	민방위	3085
犯罪者	범죄자	3085
畜産物	축산물	3085
經營學	경영학	3085
荒天	황천	3085
選集	선집	3085
體育館	체육관	3085
主導的	주도적	3084
乾性	건성	3084
倫理觀	윤리관	3084
內紛	내분	3084
呼訴力	호소력	3084
壯年層	장년층	3084
大幅的	대폭적	3084
婚禮	혼례	3084
官僚田	관료전	3084
小幅	소폭	3084
暴力輩	폭력배	3084
漂白	표백	3084
演說會	연설회	3084
物證	물증	3084
發射	발사	3084
破産	파산	3084
突破口	돌파구	3084
聯作	연작	3084
軍需	군수	3084
隨意	수의	3084
共犯	공범	3083
思潮	사조	3083
戀愛結婚	연애결혼	3083
激動	격동	3083
無機質	무기질	3083
硏究會	연구회	3083
確實性	확실성	3083
祭司長	제사장	3083
緣由	연유	3083
苦役	고역	3083
賣票所	매표소	3083
逆機能	역기능	3083
勞務	노무	3082
律令	율령	3082
攻擊手	공격수	3082
救急	구급	3082
模範生	모범생	3082
熱誠	열성	3082
特許權	특허권	3082
警覺心	경각심	3082
變造	변조	3082
適當量	적당량	3082
靜止	정지	3082
危害	위해	3081
性器	성기	3081
情趣	정취	3081
所管	소관	3081
改憲	개헌	3081
文房具	문방구	3081
料量	요량	3081
會費	회비	3081
準決勝	준결승	3081
版圖	판도	3081
獨創性	독창성	3081
當惑感	당혹감	3081
發狂	발광	3081
直員	직원	3081
磁氣場	자기장	3081
禍根	화근	3081
紫朱色	자주색	3081
聯關性	연관성	3081
臨政	임정	3081
血壓	혈압	3081
血緣的	혈연적	3081
製作費	제작비	3081
賀客	하객	3081
輸血	수혈	3081
開封	개봉	3081
開票	개표	3081
體級	체급	3081
偏重	편중	3080
嫌惡感	혐오감	3080
巡察車	순찰차	3080
經濟難	경제난	3080
魅力的	매력적	3080
卽興	즉흥	3079
原審	원심	3079
壯觀	장관	3079
如何	여하	3079
富裕層	부유층	3079
改革派	개혁파	3079
玄武巖	현무암	3079
虛脫感	허탈감	3079
解像度	해상도	3079
請願	청원	3079
販賣量	판매량	3079
風琴	풍금	3079
便器	변기	3078
傷害	상해	3078
感歎	감탄	3078
約婚	약혼	3078
運輸	운수	3078
酒量	주량	3078
集積	집적	3078
靜的	정적	3078
冷凍船	냉동선	3077
副次的	부차적	3077
拘置所	구치소	3077
混亂期	혼란기	3077
漸進的	점진적	3077
病弊	병폐	3077
落胎罪	낙태죄	3077
蒸氣	증기	3077
醫療界	의료계	3077
駐車	주차	3077
健康管理	건강관리	3075
削減	삭감	3075
吸引	흡인	3075
官僚的	관료적	3075
宿泊	숙박	3075
對抗	대항	3075
引渡	인도	3075
揷話	삽화	3075
支柱	지주	3075
暴露	폭로	3075
最優秀	최우수	3075
最尖端	최첨단	3075
消滅	소멸	3075
繁華街	번화가	3075
號機	호기	3075
雄辯	웅변	3075
檢疫所	검역소	3074
水桶	수통	3074
漆黑	칠흑	3074
迂餘曲折	우여곡절	3074
楕圓形	타원형	3073
模範的	모범적	3073
佛殿	불전	3072
彼岸	피안	3072
後裔	후예	3072
抱負	포부	3072
探査	탐사	3072
換錢	환전	3072
殘留	잔류	3072
略歷	약력	3072
監禁	감금	3072
贈與	증여	3072
遺棄	유기	3072
低酸素症	저산소증	3071
停滯	정체	3071
呼吸器	호흡기	3071
圓盤	원반	3071
暢達	창달	3071
懷疑的	회의적	3070
接着劑	접착제	3070
東歐圈	동구권	3070
沐浴料	목욕료	3069
缺點	결점	3069
託兒	탁아	3069
魔術師	마술사	3069
乾燥症	건조증	3068
償還	상환	3068
免疫	면역	3068
憤痛	분통	3068
懷抱	회포	3068
抑揚	억양	3068
暴騰	폭등	3068
牧畜	목축	3068
移替	이체	3068
負擔額	부담액	3068
貪慾	탐욕	3068
轉機	전기	3068
黨職	당직	3068
坊坊曲曲	방방곡곡	3067
寫眞帖	사진첩	3067
同壻	동서	3066
擡頭	대두	3066
改嫁	개가	3066
宮殿	궁전	3065
排置	배치	3064
禪僧	선승	3064
積滯	적체	3064
築臺	축대	3064
避妊法	피임법	3064
附錄	부록	3064
驅迫	구박	3064
週刊誌	주간지	3063
披露宴	피로연	3061
撒布	살포	3061
妖術	요술	3060
委託	위탁	3060
檢診	검진	3060
盜壘	도루	3060
紐帶	유대	3060
總括	총괄	3060
嘔吐症	구토증	3059
紅蛤	홍합	3057
鋪裝	포장	3056
嘔吐	구토	3054
庇護	비호	3054
堡壘	보루	3051
腫瘍	종양	3051
浴槽	욕조	3049
默認	묵인	3049
憧憬	동경	3039
桎梏	질곡	3039
上兵	상병	2936
要人	요인	2933
貴人	귀인	2933
丁田	정전	2932
利己心	이기심	2932
合法	합법	2931
同時性	동시성	2931
同期生	동기생	2931
求道者	구도자	2931
無事	무사	2931
內政	내정	2930
工法	공법	2930
巨金	거금	2930
步兵	보병	2930
死亡者	사망자	2930
求道	구도	2930
王政	왕정	2930
産出	산출	2930
美化	미화	2930
自己反省	자기반성	2930
赤道	적도	2930
人文主義	인문주의	2929
外觀上	외관상	2929
原文	원문	2928
實學者	실학자	2928
無人島	무인도	2928
産後	산후	2928
當事國	당사국	2928
口實	구실	2927
大卒	대졸	2927
山寺	산사	2927
有婦男	유부남	2927
權力者	권력자	2927
田園	전원	2927
財力	재력	2927
一元的	일원적	2926
實生活	실생활	2926
流行歌	유행가	2926
低地	저지	2925
受取人	수취인	2925
存立	존립	2925
年歲	연세	2925
氣品	기품	2925
法治	법치	2925
眞意	진의	2925
行實	행실	2925
開化	개화	2925
餘生	여생	2925
不知其數	부지기수	2924
婦女	부녀	2924
平面的	평면적	2924
案山	안산	2924
聲明書	성명서	2924
船內	선내	2924
貯金	저금	2924
輕工業	경공업	2924
下落勢	하락세	2923
不變	불변	2923
二部制	이부제	2923
女性的	여성적	2923
工夫房	공부방	2923
木製品	목제품	2923
止血法	지혈법	2923
異意	이의	2923
義士	의사	2923
都合	도합	2923
主宗	주종	2922
個人展	개인전	2922
停學	정학	2922
古物商	고물상	2922
固守	고수	2922
圖書館長	도서관장	2922
實利	실리	2922
左靑龍	좌청룡	2922
巨物	거물	2922
敵國	적국	2922
時價	시가	2922
有料	유료	2922
正義感	정의감	2922
民族史	민족사	2922
爲人	위인	2922
獨立性	독립성	2922
細分	세분	2922
耕作地	경작지	2922
聖人	성인	2922
自我實現	자아실현	2922
良心的	양심적	2922
豫言者	예언자	2922
野性	야성	2922
下降	하강	2921
利子率	이자율	2921
商業主義	상업주의	2921
外傷	외상	2921
大淸掃	대청소	2921
妻男	처남	2921
年限	연한	2921
日製	일제	2921
民族意識	민족의식	2921
烈女	열녀	2921
爲政者	위정자	2921
高水敷地	고수부지	2921
作業量	작업량	2920
創始者	창시자	2920
反省的	반성적	2920
各樣各色	각양각색	2920
學力考査	학력고사	2920
學藝會	학예회	2920
民俗村	민속촌	2920
活動的	활동적	2920
現行犯	현행범	2920
說敎	설교	2920
集魚燈	집어등	2920
儒學者	유학자	2919
利權	이권	2919
包容力	포용력	2919
卽席食品	즉석식품	2919
品種	품종	2919
執事	집사	2919
失望感	실망감	2919
好調	호조	2919
尾行	미행	2919
布告令	포고령	2919
形質	형질	2919
感想	감상	2919
書藝	서예	2919
本是	본시	2919
母系	모계	2919
無防備	무방비	2919
着用	착용	2919
秋季	추계	2919
經濟學者	경제학자	2919
聖者	성자	2919
藥材	약재	2919
處身	처신	2919
虛事	허사	2919
造形	조형	2919
長壽	장수	2919
電子娛樂	전자오락	2919
出荷	출하	2918
大妃	대비	2918
娘子	낭자	2918
宿命的	숙명적	2918
投信	투신	2918
拍子	박자	2918
振動數	진동수	2918
正確度	정확도	2918
透明性	투명성	2918
運動量	운동량	2918
醫藥品	의약품	2918
龍王	용왕	2918
事務處	사무처	2917
依存度	의존도	2917
依存性	의존성	2917
右側	우측	2917
外延	외연	2917
外港	외항	2917
守節	수절	2917
嶺東	영동	2917
母乳	모유	2917
洋服店	양복점	2917
特技	특기	2917
特産	특산	2917
石器	석기	2917
管內	관내	2917
節氣	절기	2917
自然災害	자연재해	2917
越北	월북	2917
勸士	권사	2916
反體制	반체제	2916
哲學科	철학과	2916
單純化	단순화	2916
國際線	국제선	2916
延長線	연장선	2916
引上率	인상률	2916
敎育稅	교육세	2916
暖流	난류	2916
有望株	유망주	2916
法眼	법안	2916
無盡	무진	2916
病的	병적	2916
監視者	감시자	2916
眞價	진가	2916
突然死	돌연사	2916
背信感	배신감	2916
舊式	구식	2916
血統	혈통	2916
遊說場	유세장	2916
配合	배합	2916
食糧難	식량난	2916
先任	선임	2915
先導	선도	2915
內務班	내무반	2915
友邦	우방	2915
問項	문항	2915
國營	국영	2915
大統領制	대통령제	2915
安逸	안일	2915
斷食	단식	2915
演說文	연설문	2915
異例的	이례적	2915
紀行	기행	2915
級友	급우	2915
統治權	통치권	2915
絶望感	절망감	2915
轉用	전용	2915
長髮	장발	2915
難易度	난이도	2915
一審	일심	2914
一瞬	일순	2914
占領地	점령지	2914
大衆歌謠	대중가요	2914
居處	거처	2914
應接室	응접실	2914
改修	개수	2914
改善策	개선책	2914
歌謠界	가요계	2914
民衆的	민중적	2914
無差別	무차별	2914
熱情的	열정적	2914
發端	발단	2914
習慣性	습관성	2914
船着場	선착장	2914
誇大	과대	2914
運動員	운동원	2914
防音壁	방음벽	2914
作態	작태	2913
卽位	즉위	2913
單價	단가	2913
才弄	재롱	2913
文盲	문맹	2913
斷定	단정	2913
曆法	역법	2913
末葉	말엽	2913
條文	조문	2913
汚水	오수	2913
準決勝戰	준결승전	2913
無智	무지	2913
犯法	범법	2913
碑文	비문	2913
習俗	습속	2913
肯定	긍정	2913
藥效	약효	2913
製圖	제도	2913
賣店	매점	2913
銳意	예의	2913
韻文	운문	2913
休憩室	휴게실	2912
儒家	유가	2912
原隊	원대	2912
反轉	반전	2912
園頭幕	원두막	2912
官公署	관공서	2912
宣敎師	선교사	2912
念佛	염불	2912
抗告	항고	2912
營利	영리	2912
現狀	현상	2912
自己紹介	자기소개	2912
郵便物	우편물	2912
重點的	중점적	2912
電擊	전격	2912
主審	주심	2911
再婚	재혼	2911
受講	수강	2911
商號	상호	2911
啓蒙主義	계몽주의	2911
啓蒙思想	계몽사상	2911
喪服	상복	2911
官權	관권	2911
平衡	평형	2911
徹夜	철야	2911
持論	지론	2911
指揮者	지휘자	2911
都統	도통	2911
休息處	휴식처	2910
冷笑	냉소	2910
廢業	폐업	2910
建設費	건설비	2910
得票	득표	2910
惑星	혹성	2910
新黨	신당	2910
暴飮	폭음	2910
殘業	잔업	2910
毒性	독성	2910
激情	격정	2910
略圖	약도	2910
眼科	안과	2910
童謠	동요	2910
細針	세침	2910
終止符	종지부	2910
習慣的	습관적	2910
職位	직위	2910
職業的	직업적	2910
藝術界	예술계	2910
觸角	촉각	2910
農奴	농노	2910
重裝備	중장비	2910
鐵窓	철창	2910
鬪志	투지	2910
黨首	당수	2910
一括	일괄	2909
單結晶	단결정	2909
宰相	재상	2909
年俸	연봉	2909
換節期	환절기	2909
揮發油	휘발유	2909
月貰	월세	2909
胎生	태생	2909
自炊	자취	2909
密着	밀착	2908
實驗的	실험적	2908
自炊房	자취방	2908
議題	의제	2908
貴賓	귀빈	2908
運轉席	운전석	2908
上疏文	상소문	2907
別般	별반	2907
合倂	합병	2907
壁紙	벽지	2907
嫌疑者	혐의자	2907
槪念的	개념적	2907
決裂	결렬	2907
炊事	취사	2907
融合	융합	2907
訓戒	훈계	2907
講究	강구	2907
護送	호송	2907
點線	점선	2907
回廊	회랑	2906
少尉	소위	2906
干滿	간만	2906
會員券	회원권	2906
濕度	습도	2906
熱狂的	열광적	2906
直屬	직속	2906
端末機	단말기	2906
視聽覺	시청각	2906
豫備的	예비적	2906
農機械	농기계	2906
遠隔	원격	2906
高齡	고령	2906
人蔘茶	인삼차	2905
宣布	선포	2905
請婚	청혼	2905
韻致	운치	2905
原型	원형	2904
司令塔	사령탑	2904
喜劇的	희극적	2904
威勢	위세	2904
孤兒院	고아원	2904
尊嚴	존엄	2904
持株	지주	2904
指彈	지탄	2904
支廳	지청	2904
支拂	지불	2904
收益率	수익률	2904
煽動	선동	2904
緣故	연고	2904
藍色	남색	2904
訴願	소원	2904
論點	논점	2904
變換	변환	2904
連絡處	연락처	2904
雅量	아량	2904
電磁波	전자파	2904
餘韻	여운	2904
別莊	별장	2903
噴出	분출	2903
鑑別	감별	2903
勞組員	노조원	2902
獨寡占	독과점	2902
警備員	경비원	2902
齒根膜	치근막	2902
傍聽席	방청석	2901
幕舍	막사	2901
掃除	소제	2901
旅程	여정	2901
春榜	춘방	2901
歸還	귀환	2901
深層	심층	2901
滿員	만원	2901
焚身	분신	2901
綿布	면포	2901
編輯者	편집자	2901
脫黨	탈당	2901
逆賊	역적	2901
道袍	도포	2901
除籍	제적	2901
除隊	제대	2901
類推	유추	2901
飛躍	비약	2901
勞賃	노임	2900
參禪	참선	2900
符號	부호	2900
絶叫	절규	2900
綿織物	면직물	2900
逃避處	도피처	2900
座標系	좌표계	2899
附隨的	부수적	2899
搏動	박동	2898
職制	직제	2898
背任	배임	2898
割賦	할부	2897
失踪	실종	2897
契員	계원	2897
巡訪	순방	2897
怪聲	괴성	2897
恥辱	치욕	2897
操縱	조종	2897
樓閣	누각	2897
舍廊	사랑	2897
諒解	양해	2897
貢納	공납	2897
轉役	전역	2897
勳章	훈장	2896
敎鞭	교편	2895
約款	약관	2895
胴體	동체	2895
舞踊劇	무용극	2895
飼料	사료	2895
周旋	주선	2894
編制	편제	2894
亞鉛	아연	2893
借款	차관	2892
巫俗	무속	2892
懸垂幕	현수막	2892
末梢	말초	2892
椎骨	추골	2892
歸趨	귀추	2892
管轄權	관할권	2892
診察	진찰	2892
饗應	향응	2892
勘案	감안	2890
專貰	전세	2889
掌握	장악	2889
派閥	파벌	2889
煩悶	번민	2889
誘拐犯	유괴범	2889
鐵柵	철책	2889
鬱憤	울분	2889
哺乳類	포유류	2888
排泄	배설	2886
杞憂	기우	2886
舊臘	구랍	2886
胎盤	태반	2885
鞍裝	안장	2885
噴霧	분무	2883
嚆矢	효시	2883
職銜	직함	2883
捷徑	첩경	2879
脈搏	맥박	2879
陶冶	도야	2879
淘汰	도태	2869
揶揄	야유	2868
天君	천군	2750
能事	능사	2750
步行者	보행자	2749
先天性	선천성	2748
入首	입수	2747
利用法	이용법	2747
助手	조수	2747
同居	동거	2747
同情	동정	2747
完工	완공	2747
步行	보행	2747
高原	고원	2747
原住民	원주민	2746
流行語	유행어	2746
高性能	고성능	2746
作曲家	작곡가	2745
原産地	원산지	2745
國産化	국산화	2745
往年	왕년	2745
成長期	성장기	2745
有志	유지	2745
流民	유민	2745
發明品	발명품	2745
知名度	지명도	2745
自初至終	자초지종	2745
軍國主義	군국주의	2745
入養	입양	2744
內實	내실	2744
友愛	우애	2744
單一化	단일화	2744
外部的	외부적	2744
學生課	학생과	2744
富貴	부귀	2744
末年	말년	2744
美容	미용	2744
自己感情	자기감정	2744
部品圖	부품도	2744
部曲	부곡	2744
五加皮	오가피	2743
交通難	교통난	2743
休養地	휴양지	2743
女敎師	여교사	2743
宗主國	종주국	2743
思想界	사상계	2743
三權	삼권	2742
中領	중령	2742
受信	수신	2742
名實	명실	2742
實用	실용	2742
戰士	전사	2742
所要	소요	2742
末世	말세	2742
異國	이국	2742
讀法	독법	2742
順産	순산	2742
不協和音	불협화음	2741
動物性	동물성	2741
化學的	화학적	2741
學徒兵	학도병	2741
客車	객차	2741
密林	밀림	2741
屋外	옥외	2741
山城	산성	2741
患部	환부	2741
正敎師	정교사	2741
理想主義	이상주의	2741
産業界	산업계	2741
發生的	발생적	2741
相對者	상대자	2741
行動的	행동적	2741
言論界	언론계	2741
論外	논외	2741
不參	불참	2740
不調和	부조화	2740
友好的	우호적	2740
回甲	회갑	2740
學資金	학자금	2740
小隊長	소대장	2740
平常服	평상복	2740
得失	득실	2740
敬意	경의	2740
男性的	남성적	2740
目擊者	목격자	2740
習得	습득	2740
良民	양민	2740
記念式	기념식	2740
說法	설법	2740
難民	난민	2740
不祥事	불상사	2739
固體	고체	2739
多角的	다각적	2739
孝誠	효성	2739
家政婦	가정부	2739
市街地	시가지	2739
性病	성병	2739
惡材	악재	2739
惡童	악동	2739
感知	감지	2739
政治性	정치성	2739
救國	구국	2739
暗色	암색	2739
有價	유가	2739
根性	근성	2739
死傷者	사상자	2739
洗面場	세면장	2739
無視	무시	2739
生存權	생존권	2739
用務	용무	2739
美觀	미관	2739
脫落者	탈락자	2739
血氣	혈기	2739
西部劇	서부극	2739
議定書	의정서	2739
通常	통상	2739
難色	난색	2739
高調	고조	2739
一擧	일거	2738
不得已	부득이	2738
五倫	오륜	2738
創意力	창의력	2738
旣定事實	기정사실	2738
日記帳	일기장	2738
混同	혼동	2738
炭水化物	탄수화물	2738
白虎	백호	2738
精子	정자	2738
自然景觀	자연경관	2738
衣料	의료	2738
迎入	영입	2738
高熱	고열	2738
二次的	이차적	2737
修道	수도	2737
再活	재활	2737
助敎授	조교수	2737
協同的	협동적	2737
協同組合	협동조합	2737
各界各層	각계각층	2737
同質的	동질적	2737
對內的	대내적	2737
必死的	필사적	2737
敎義	교의	2737
流配地	유배지	2737
消防車	소방차	2737
無限定	무한정	2737
美風良俗	미풍양속	2737
自治制	자치제	2737
論法	논법	2737
都市化	도시화	2737
銀行員	은행원	2737
個數	개수	2736
全景	전경	2736
冬季	동계	2736
前兆	전조	2736
因果性	인과성	2736
多衆	다중	2736
學徒	학도	2736
定價	정가	2736
客觀主義	객관주의	2736
建設業	건설업	2736
忠誠	충성	2736
歷史主義	역사주의	2736
生産費	생산비	2736
發賣	발매	2736
眞談	진담	2736
育兒	육아	2736
育成會費	육성회비	2736
追後	추후	2736
通關	통관	2736
鑑定人	감정인	2736
長次官	장차관	2736
一律的	일률적	2735
一齊	일제	2735
上層	상층	2735
上限價	상한가	2735
冠王	관왕	2735
刊行物	간행물	2735
卑下	비하	2735
夜勤	야근	2735
大腸	대장	2735
大隊	대대	2735
對立的	대립적	2735
弘益人間	홍익인간	2735
抗日	항일	2735
支店長	지점장	2735
物質性	물질성	2735
石灰石	석회석	2735
觀察力	관찰력	2735
限界性	한계성	2735
高揚	고양	2735
交響曲	교향곡	2734
何等	하등	2734
冥王星	명왕성	2734
各處	각처	2734
外資	외자	2734
存在論的	존재론적	2734
定處	정처	2734
小組	소조	2734
往往	왕왕	2734
暴力的	폭력적	2734
發給	발급	2734
白髮	백발	2734
私服	사복	2734
雙方	쌍방	2734
人身攻擊	인신공격	2733
代議	대의	2733
先占	선점	2733
再分配	재분배	2733
反則	반칙	2733
反證	반증	2733
商會	상회	2733
嚴重	엄중	2733
國境線	국경선	2733
平均的	평균적	2733
弱勢	약세	2733
支會	지회	2733
水晶體	수정체	2733
重傷	중상	2733
開幕式	개막식	2733
顔色	안색	2733
骨品	골품	2733
人格的	인격적	2732
信任	신임	2732
兵器	병기	2732
孤立	고립	2732
役事	역사	2732
後繼	후계	2732
意欲的	의욕적	2732
拍車	박차	2732
株主	주주	2732
海賊	해적	2732
王后	왕후	2732
窮地	궁지	2732
立件	입건	2732
老妄	노망	2732
複合體	복합체	2732
鐵鑛石	철광석	2732
陣地	진지	2732
靑龍	청룡	2732
館長	관장	2732
上位圈	상위권	2731
前衛的	전위적	2731
副産物	부산물	2731
回歸	회귀	2731
宣敎會	선교회	2731
對談	대담	2731
情熱的	정열적	2731
敗因	패인	2731
散調	산조	2731
權力關係	권력관계	2731
獨裁者	독재자	2731
着想	착상	2731
良識	양식	2731
良質	양질	2731
軟豆色	연두색	2731
初演	초연	2730
初版	초판	2730
劇作	극작	2730
妻子息	처자식	2730
娛樂室	오락실	2730
定評	정평	2730
山莊	산장	2730
幼兒期	유아기	2730
持續性	지속성	2730
推理	추리	2730
收益性	수익성	2730
放浪	방랑	2730
新陳代謝	신진대사	2730
未熟	미숙	2730
歸省	귀성	2730
泳法	영법	2730
消防	소방	2730
演士	연사	2730
無償	무상	2730
無差別的	무차별적	2730
病歷	병력	2730
終講	종강	2730
賤民	천민	2730
辭意	사의	2730
追放	추방	2730
退去	퇴거	2730
陸橋	육교	2730
騎馬	기마	2730
鬪士	투사	2730
不規則的	불규칙적	2729
光彩	광채	2729
免稅品	면세품	2729
全館	전관	2729
動亂	동란	2729
卒業狀	졸업장	2729
危機意識	위기의식	2729
安息處	안식처	2729
思慮	사려	2729
格式	격식	2729
標語	표어	2729
流派	유파	2729
流通網	유통망	2729
源流	원류	2729
販路	판로	2729
電壓	전압	2729
電鐵驛	전철역	2729
革新的	혁신적	2729
上昇率	상승률	2728
向背	향배	2728
帶下症	대하증	2728
成跡	성적	2728
拘束力	구속력	2728
採取	채취	2728
敵對	적대	2728
敵對的	적대적	2728
決議	결의	2728
獻身的	헌신적	2728
聰明	총명	2728
計算臺	계산대	2728
財形貯蓄	재형저축	2728
責務	책무	2728
都城	도성	2728
酸化物	산화물	2728
侵略者	침략자	2727
具體	구체	2727
婚姻式	혼인식	2727
宴會	연회	2727
悲哀	비애	2727
慰樂	위락	2727
扶養	부양	2727
抗體	항체	2727
換氣	환기	2727
攻守	공수	2727
政策的	정책적	2727
旅客	여객	2727
沙鉢時計	사발시계	2727
混線	혼선	2727
溫帶	온대	2727
病床	병상	2727
素養	소양	2727
總體	총체	2727
耐性	내성	2727
視察	시찰	2727
財貨	재화	2727
開拓	개척	2727
陣容	진용	2727
陳情	진정	2727
陳述書	진술서	2727
首肯	수긍	2727
交換機	교환기	2726
學級費	학급비	2726
彩色	채색	2726
暫定的	잠정적	2726
竣工式	준공식	2726
聯隊長	연대장	2726
臨時職	임시직	2726
遊興街	유흥가	2726
違和感	위화감	2726
保險料	보험료	2725
危機感	위기감	2725
嗜好品	기호품	2725
增設	증설	2725
寫實的	사실적	2725
差別的	차별적	2725
消費財	소비재	2725
溫突房	온돌방	2725
特講	특강	2725
獨奏會	독주회	2725
終着驛	종착역	2725
評議會	평의회	2725
誤判	오판	2725
逢變	봉변	2725
韻文劇	운문극	2725
免許證	면허증	2724
名札	명찰	2724
定慧雙修	정혜쌍수	2724
實錄	실록	2724
抛物線	포물선	2724
榮華	영화	2724
毒感	독감	2724
筋肉質	근육질	2724
虛榮	허영	2724
賞狀	상장	2724
過敏	과민	2724
適否	적부	2724
錄音器	녹음기	2724
露店	노점	2724
類例	유례	2724
優越性	우월성	2723
博覽會	박람회	2723
占星術	점성술	2723
安堵感	안도감	2723
支局	지국	2723
治粧	치장	2723
直徑	직경	2723
終盤	종반	2723
官府	관부	2722
情報網	정보망	2722
收監	수감	2722
無嫌疑	무혐의	2722
節制	절제	2722
處遇	처우	2722
證據物	증거물	2722
配布	배포	2722
全裸	전라	2721
執權層	집권층	2721
基幹	기간	2721
對稱	대칭	2721
打倒	타도	2721
投票權	투표권	2721
提報	제보	2721
支社	지사	2721
支院	지원	2721
案件	안건	2721
橫領	횡령	2721
歡呼	환호	2721
歡呼聲	환호성	2721
硏究院	연구원	2721
社屋	사옥	2721
移讓	이양	2721
續篇	속편	2721
缺席	결석	2721
腹案	복안	2721
藝術論	예술론	2721
評判	평판	2721
課標	과표	2721
論述	논술	2721
警官	경관	2721
遊覽船	유람선	2721
黑褐色	흑갈색	2721
再編	재편	2720
受侮	수모	2720
將帥	장수	2720
挺身隊	정신대	2720
會社債	회사채	2720
汚染度	오염도	2720
油腐	유부	2720
蜂起	봉기	2720
旅館房	여관방	2719
標識板	표지판	2719
留聲機	유성기	2719
酸度	산도	2719
乳房	유방	2718
山沙汰	산사태	2718
枯渴	고갈	2718
此際	차제	2718
炭素	탄소	2718
痛惜	통석	2718
祭床	제상	2718
稱帝	칭제	2718
端役	단역	2718
競演	경연	2718
聲優	성우	2718
肢體	지체	2718
規律	규율	2718
訴追	소추	2718
謄本	등본	2718
逆境	역경	2718
點呼	점호	2718
債務	채무	2717
億臺	억대	2717
准將	준장	2717
摩擦力	마찰력	2717
祭祀床	제사상	2717
僉知	첨지	2716
受胎	수태	2716
搜査權	수사권	2716
矯導官	교도관	2716
輕蔑	경멸	2716
寓話	우화	2715
忘却	망각	2715
排泄物	배설물	2715
銅板	동판	2715
雜誌社	잡지사	2715
侵奪	침탈	2714
增幅	증폭	2714
委任	위임	2714
帶域	대역	2714
座標	좌표	2714
恐龍	공룡	2714
抗訴	항소	2714
推尋	추심	2714
氣焰	기염	2714
浴湯	욕탕	2714
深淵	심연	2714
盜賊	도적	2714
簡易驛	간이역	2714
粉乳	분유	2714
繫留	계류	2714
迷宮	미궁	2714
陳列臺	진열대	2714
隊員	대원	2714
黨費	당비	2714
論旨	논지	2713
醫療陣	의료진	2713
和諧	화해	2712
巡檢廳	순검청	2712
乳房癌	유방암	2711
侮辱	모욕	2710
毒蛇	독사	2710
濾過	여과	2710
赴任	부임	2710
銃器	총기	2710
灰褐色	회갈색	2709
製劑	제제	2709
默默不答	묵묵부답	2707
刺戟的	자극적	2706
包括	포괄	2706
厭症	염증	2706
屬縣	속현	2706
攪亂	교란	2706
殉葬	순장	2706
浸蝕	침식	2706
港灣	항만	2706
瓊團	경단	2706
砲彈	포탄	2706
警笛	경적	2706
附屬	부속	2706
奢侈品	사치품	2705
驚愕	경악	2704
刹那	찰나	2703
愉快	유쾌	2703
酒酊	주정	2703
樞機卿	추기경	2702
誘拐	유괴	2701
恐喝	공갈	2700
束縛	속박	2700
狙擊	저격	2700
猜忌	시기	2700
階梯	계제	2700
喝采	갈채	2697
倦怠	권태	2696
一家見	일가견	2556
中性子	중성자	2554
元金	원금	2554
兩大	양대	2554
君子國	군자국	2554
外相	외상	2554
日用品	일용품	2554
未成年	미성년	2554
未成年者	미성년자	2554
無人	무인	2554
仙女	선녀	2553
後天性	후천성	2552
無明	무명	2552
無言	무언	2552
至上	지상	2552
道士	도사	2552
一助	일조	2551
中性	중성	2551
內助	내조	2551
初老	초로	2551
利己	이기	2551
化身	화신	2551
去來者	거래자	2551
天性	천성	2551
材木	재목	2551
白鳥	백조	2551
非人間化	비인간화	2551
人間味	인간미	2550
北斗七星	북두칠성	2550
同好會	동호회	2550
有形無形	유형무형	2550
元祖	원조	2549
化合物	화합물	2549
吉地	길지	2549
同性愛	동성애	2549
告知	고지	2549
性生活	성생활	2549
文化界	문화계	2549
未完	미완	2549
未知數	미지수	2549
義人	의인	2549
至上主義	지상주의	2549
見聞	견문	2549
口令	구령	2548
同時的	동시적	2548
四柱八字	사주팔자	2548
案內書	안내서	2548
油田	유전	2548
流亡	유망	2548
白血病	백혈병	2548
空洞化	공동화	2548
老婦人	노부인	2548
自主的	자주적	2548
賣上	매상	2548
送金	송금	2548
門戶	문호	2548
防水	방수	2548
二重的	이중적	2547
右白虎	우백호	2547
多數決	다수결	2547
實用化	실용화	2547
思考力	사고력	2547
科學化	과학화	2547
第一主義	제일주의	2547
一念	일념	2546
中年層	중년층	2546
元體	원체	2546
前近代的	전근대적	2546
力動的	역동적	2546
勇士	용사	2546
協同農場	협동농장	2546
名將	명장	2546
學生證	학생증	2546
常用	상용	2546
惡意	악의	2546
海水浴	해수욕	2546
無禮	무례	2546
物化	물화	2546
獨子	독자	2546
老處女	노처녀	2546
自他	자타	2546
兄弟姉妹	형제자매	2545
冷水	냉수	2545
廣告主	광고주	2545
案內所	안내소	2545
江邊道路	강변도로	2545
物質文明	물질문명	2545
現實化	현실화	2545
當直者	당직자	2545
皮部	피부	2545
練兵場	연병장	2545
罪目	죄목	2545
美談	미담	2545
表現主義	표현주의	2545
都市人	도시인	2545
量子	양자	2545
餘力	여력	2545
餘白	여백	2545
內省的	내성적	2544
分水嶺	분수령	2544
前夜祭	전야제	2544
四柱單子	사주단자	2544
回敎	회교	2544
導入部	도입부	2544
手配者	수배자	2544
極大化	극대화	2544
洞察力	통찰력	2544
進士	진사	2544
不文律	불문율	2543
便利性	편리성	2543
判書	판서	2543
前任者	전임자	2543
合宿	합숙	2543
善戰	선전	2543
失政	실정	2543
實現性	실현성	2543
建設業者	건설업자	2543
感想文	감상문	2543
效用	효용	2543
有關	유관	2543
未決	미결	2543
極少數	극소수	2543
權能	권능	2543
流動的	유동적	2543
漁村	어촌	2543
漁民	어민	2543
現存	현존	2543
盡終日	진종일	2543
筆頭	필두	2543
舊世代	구세대	2543
舊時代	구시대	2543
著作者	저작자	2543
行次	행차	2543
請求書	청구서	2543
論者	논자	2543
賞品	상품	2543
進步性	진보성	2543
運動性	운동성	2543
陸路	육로	2543
電送	전송	2543
黑色	흑색	2543
一定額	일정액	2542
上限	상한	2542
仙人掌	선인장	2542
優等生	우등생	2542
凡人	범인	2542
劣等生	열등생	2542
卵子	난자	2542
原子彈	원자탄	2542
參考人	참고인	2542
呼出	호출	2542
心證	심증	2542
晩年	만년	2542
暴風雨	폭풍우	2542
最少	최소	2542
海兵隊	해병대	2542
理解心	이해심	2542
甘草	감초	2542
相扶相助	상부상조	2542
眼中	안중	2542
虛無主義	허무주의	2542
一瞬間	일순간	2541
不純物	불순물	2541
他意	타의	2541
再建	재건	2541
再會	재회	2541
問題兒	문제아	2541
守令	수령	2541
機能主義	기능주의	2541
民權	민권	2541
紀元後	기원후	2541
自暴自棄	자포자기	2541
自閉兒	자폐아	2541
親告罪	친고죄	2541
貨物車	화물차	2541
造形性	조형성	2541
野望	야망	2541
音樂的	음악적	2541
首席代表	수석대표	2541
不眠	불면	2540
交通費	교통비	2540
停電	정전	2540
刑問	형문	2540
初葉	초엽	2540
判示	판시	2540
動因	동인	2540
問喪	문상	2540
小企業	소기업	2540
敗戰	패전	2540
敵意	적의	2540
文案	문안	2540
暖冬	난동	2540
死因	사인	2540
父系	부계	2540
落選	낙선	2540
藝能	예능	2540
血族	혈족	2540
要約	요약	2540
證書	증서	2540
上監	상감	2539
下宿房	하숙방	2539
不確實性	불확실성	2539
不親切	불친절	2539
乘車	승차	2539
交換所	교환소	2539
人智	인지	2539
反民衆的	반민중적	2539
受惠者	수혜자	2539
唯物論者	유물론자	2539
大縮尺	대축척	2539
大腦	대뇌	2539
專有物	전유물	2539
抱主	포주	2539
搖之不動	요지부동	2539
支持者	지지자	2539
日刊	일간	2539
木板	목판	2539
獄中	옥중	2539
現代版	현대판	2539
理想鄕	이상향	2539
突出	돌출	2539
訪問客	방문객	2539
醫學的	의학적	2539
中央線	중앙선	2538
力役	역역	2538
北岸	북안	2538
姓氏	성씨	2538
實線	실선	2538
復習	복습	2538
木刻	목각	2538
水域	수역	2538
法體系	법체계	2538
潮力	조력	2538
白紙張	백지장	2538
筆致	필치	2538
總力	총력	2538
腸內	장내	2538
請願書	청원서	2538
雜木	잡목	2538
預金主	예금주	2538
低地帶	저지대	2537
再照明	재조명	2537
反封建	반봉건	2537
告發狀	고발장	2537
地板	지판	2537
堂叔	당숙	2537
法悅	법열	2537
相逢	상봉	2537
硏究家	연구가	2537
統制力	통제력	2537
自衛權	자위권	2537
親密感	친밀감	2537
角質	각질	2537
講義室	강의실	2537
貧益貧	빈익빈	2537
輸送車	수송차	2537
退場	퇴장	2537
運轉兵	운전병	2537
錦上添花	금상첨화	2537
題材	제재	2537
主幹	주간	2536
事事件件	사사건건	2536
劇本	극본	2536
國策	국책	2536
墓地	묘지	2536
妄言	망언	2536
少額	소액	2536
指導力	지도력	2536
時宜	시의	2536
時時刻刻	시시각각	2536
本紀	본기	2536
樂觀的	낙관적	2536
海域	해역	2536
漁獲高	어획고	2536
眉間	미간	2536
社會意識	사회의식	2536
竝行	병행	2536
筆記試驗	필기시험	2536
絶對性	절대성	2536
經濟學科	경제학과	2536
義務感	의무감	2536
自由型	자유형	2536
菊花	국화	2536
衛生的	위생적	2536
記念寫眞	기념사진	2536
車掌	차장	2536
鑛夫	광부	2536
驛長	역장	2536
高額	고액	2536
傳單	전단	2535
再次	재차	2535
加速器	가속기	2535
善處	선처	2535
守則	수칙	2535
守護神	수호신	2535
幾何學	기하학	2535
機關車	기관차	2535
殿下	전하	2535
決判	결판	2535
異論	이론	2535
緣故地	연고지	2535
職業病	직업병	2535
自閉症	자폐증	2535
航空便	항공편	2535
試製品	시제품	2535
針葉樹	침엽수	2535
開發費	개발비	2535
難題	난제	2535
倍數	배수	2534
唯物	유물	2534
因果律	인과율	2534
大藏經	대장경	2534
姑婦間	고부간	2534
守舊	수구	2534
希望的	희망적	2534
急進的	급진적	2534
悟性	오성	2534
投票日	투표일	2534
文件	문건	2534
文具	문구	2534
暴發	폭발	2534
未遂	미수	2534
決選	결선	2534
溫泉	온천	2534
潛在	잠재	2534
盛業	성업	2534
祝歌	축가	2534
精氣	정기	2534
純情	순정	2534
背面	배면	2534
講習	강습	2534
質感	질감	2534
還元	환원	2534
靜物	정물	2534
其實	기실	2533
再活院	재활원	2533
冷凍室	냉동실	2533
利器	이기	2533
前哨戰	전초전	2533
反響	반향	2533
吸煙室	흡연실	2533
廢品	폐품	2533
攻防戰	공방전	2533
機動	기동	2533
福券	복권	2533
突然變異	돌연변이	2533
終局	종국	2533
群落	군락	2533
腦死	뇌사	2533
被動的	피동적	2533
觀念論	관념론	2533
計略	계략	2533
負傷者	부상자	2533
軍務員	군무원	2533
農繁期	농번기	2533
迷路	미로	2533
保留	보류	2532
受惠	수혜	2532
決議案	결의안	2532
熱誠的	열성적	2532
獻身	헌신	2532
素服	소복	2532
絶景	절경	2532
經絲	경사	2532
過渡期的	과도기적	2532
閉經期	폐경기	2532
位階	위계	2531
低俗	저속	2531
倒産	도산	2531
僞善的	위선적	2531
助演	조연	2531
司直	사직	2531
呼吸數	호흡수	2531
呼訴文	호소문	2531
多黨制	다당제	2531
夢想	몽상	2531
性犯罪	성범죄	2531
惡役	악역	2531
感傷的	감상적	2531
慣習的	관습적	2531
改廢	개폐	2531
旅客船	여객선	2531
末尾	말미	2531
條理	조리	2531
歌舞	가무	2531
歡迎會	환영회	2531
演藝界	연예계	2531
激情的	격정적	2531
發付	발부	2531
省墓	성묘	2531
突發	돌발	2531
競賣	경매	2531
總通貨	총통화	2531
聯合考査	연합고사	2531
肺活量	폐활량	2531
脫皮	탈피	2531
落伍者	낙오자	2531
製紙	제지	2531
製藥	제약	2531
討伐軍	토벌군	2531
豪氣	호기	2531
逃走	도주	2531
首腦	수뇌	2531
全幅的	전폭적	2530
公債	공채	2530
副總長	부총장	2530
垂直線	수직선	2530
大闕	대궐	2530
平均臺	평균대	2530
拉北	납북	2530
揷入	삽입	2530
斜面	사면	2530
殿堂	전당	2530
法曹界	법조계	2530
石窟	석굴	2530
變則的	변칙적	2530
遵法	준법	2530
鬱火	울화	2530
魔力	마력	2530
魔法師	마법사	2530
位階秩序	위계질서	2529
動脈	동맥	2529
對坐	대좌	2529
應試	응시	2529
搬出證	반출증	2529
暗灰色	암회색	2529
權勢	권세	2529
洗濯所	세탁소	2529
獨房	독방	2529
皮膚色	피부색	2529
稅收	세수	2529
空襲	공습	2529
縮尺	축척	2529
色漆	색칠	2529
逆調	역조	2529
乾燥室	건조실	2528
受諾	수락	2528
名牌	명패	2528
害蟲	해충	2528
寄稿家	기고가	2528
寫植機	사식기	2528
師範	사범	2528
恒久的	항구적	2528
慢性的	만성적	2528
暗鬪	암투	2528
歌辭	가사	2528
演奏家	연주가	2528
納期	납기	2528
縱橫無盡	종횡무진	2528
舊約	구약	2528
葉錢	엽전	2528
託兒所	탁아소	2528
賣票	매표	2528
互換性	호환성	2527
巡禮	순례	2527
新派劇	신파극	2527
旅客機	여객기	2527
活況	활황	2527
消化劑	소화제	2527
獻血	헌혈	2527
發揮	발휘	2527
硬結	경결	2527
管樂器	관악기	2527
補身湯	보신탕	2527
裝身具	장신구	2527
農莊	농장	2527
遠距離	원거리	2527
離着陸	이착륙	2527
食餌	식이	2527
驅使	구사	2527
生殖器	생식기	2526
象徵化	상징화	2526
乘務員	승무원	2525
優越感	우월감	2525
分岐點	분기점	2525
勤續	근속	2525
反駁	반박	2525
團領	단령	2525
威脅的	위협적	2525
官奴	관노	2525
害毒	해독	2525
封印	봉인	2525
微細	미세	2525
快哉	쾌재	2525
指揮官	지휘관	2525
支署	지서	2525
收穫量	수확량	2525
機務	기무	2525
步哨	보초	2525
準優勝	준우승	2525
溺死	익사	2525
特需	특수	2525
獨床	독상	2525
畸形兒	기형아	2525
苦楚	고초	2525
葉茶	엽차	2525
號召	호소	2525
補給	보급	2525
觀照	관조	2525
訃告	부고	2525
跛行的	파행적	2525
週初	주초	2525
都督	도독	2525
配當率	배당률	2525
醫院	의원	2525
面駁	면박	2525
大捷	대첩	2524
巡視	순시	2524
感懷	감회	2524
氣象臺	기상대	2524
禪師	선사	2524
胃臟病	위장병	2524
週期的	주기적	2524
修辭	수사	2523
免罪符	면죄부	2523
割引率	할인율	2523
從屬的	종속적	2523
衆議院	중의원	2523
補充役	보충역	2523
警報器	경보기	2523
供與	공여	2522
假稱	가칭	2522
冊張	책장	2522
匿名	익명	2522
坐板	좌판	2522
就寢	취침	2522
巨匠	거장	2522
征伐	정벌	2522
惰性	타성	2522
毒殺	독살	2522
浮刻	부각	2522
渾身	혼신	2522
班列	반열	2522
破壞的	파괴적	2522
破格	파격	2522
結託	결탁	2522
編輯長	편집장	2522
胃炎	위염	2522
虐待	학대	2522
賦稅	부세	2522
軟禁	연금	2522
退職	퇴직	2522
適格	적격	2522
陽傘	양산	2522
飼育	사육	2522
體型	체형	2522
體液	체액	2522
巖盤	암반	2521
治療費	치료비	2521
秒針	초침	2521
老朽	노후	2521
變貌	변모	2521
蔑視	멸시	2520
全鰒	전복	2519
壓制	압제	2519
完璧	완벽	2519
檢査制	검사제	2519
淸醬	청장	2519
稼動率	가동률	2519
背泳	배영	2519
買辦	매판	2519
養蠶	양잠	2519
墓域	묘역	2518
姿態	자태	2518
寶庫	보고	2518
專任	전임	2518
抱擁	포옹	2518
普遍	보편	2518
機智	기지	2518
滿朔	만삭	2518
聯隊	연대	2518
裁斷	재단	2518
評壇	평단	2518
證候	증후	2518
辯護	변호	2518
配管	배관	2518
錯誤	착오	2518
類似	유사	2518
侮蔑感	모멸감	2517
促進劑	촉진제	2517
愛撫	애무	2517
傍系	방계	2516
妊産婦	임산부	2516
水槽	수조	2516
汚染源	오염원	2516
甲紗	갑사	2516
筆筒	필통	2516
鐵網	철망	2516
防腐劑	방부제	2516
憂鬱症	우울증	2515
模擬考査	모의고사	2515
催淚	최루	2514
咫尺	지척	2514
巡査	순사	2514
慘狀	참상	2514
扁額	편액	2514
油槽船	유조선	2514
纖維質	섬유질	2514
肖像	초상	2514
襲擊	습격	2514
醜態	추태	2514
隔離	격리	2514
卵巢	난소	2513
增殖	증식	2513
姓銜	성함	2513
幻聽	환청	2513
汗蒸幕	한증막	2513
潔癖症	결벽증	2511
釀造	양조	2511
彈劾	탄핵	2510
抗癌	항암	2510
整頓	정돈	2510
梗塞	경색	2510
焦眉	초미	2510
臆測	억측	2510
蓄膿症	축농증	2510
蘇塗	소도	2510
遲滯	지체	2510
鎭痛劑	진통제	2510
魔術	마술	2510
噴霧器	분무기	2509
挽留	만류	2509
醬散炙	장산적	2509
窒酸鹽	질산염	2508
乘轎	승교	2507
廛房	전방	2507
波瀾	파란	2507
阿附	아부	2506
乖離	괴리	2504
伍伯	오백	2504
嗅覺	후각	2504
抽籤	추첨	2504
旗幟	기치	2504
欺瞞	기만	2504
演繹	연역	2504
靭帶	인대	2504
脾臟	비장	2500
脊髓	척수	2495
蹂躪	유린	2489
兄弟之間	형제지간	2340
左右之間	좌우지간	2340
人乃天	인내천	2336
水成巖	수성암	2335
皮下	피하	2335
無用之物	무용지물	2334
七去之惡	칠거지악	2333
三從之道	삼종지도	2332
貸出金	대출금	2332
執行部	집행부	2331
福壽草	복수초	2331
丹田	단전	2329
妻弟	처제	2329
小乘	소승	2329
山菜	산채	2329
自淨	자정	2329
農耕文化	농경문화	2329
魚貝類	어패류	2329
家族計劃	가족계획	2327
本妻	본처	2327
沈下	침하	2327
衣裳室	의상실	2327
電信柱	전신주	2327
化粧水	화장수	2326
發祥地	발상지	2326
方舟	방주	2325
樓門	누문	2325
田畓	전답	2325
老廢物	노폐물	2325
蘭草	난초	2325
要求拂	요구불	2325
超自然的	초자연적	2325
鹽田	염전	2325
不良輩	불량배	2324
初喪	초상	2324
失語症	실어증	2324
心臟病	심장병	2324
未熟性	미숙성	2324
潛在意識	잠재의식	2324
耕作	경작	2324
脚色	각색	2324
賣國奴	매국노	2324
丙子胡亂	병자호란	2323
享有	향유	2323
僧兵	승병	2323
先拂	선불	2323
刊行	간행	2323
可謂	가위	2323
天賦的	천부적	2323
廢校	폐교	2323
本貫	본관	2323
秋毫	추호	2323
能率	능률	2323
自救策	자구책	2323
自矜心	자긍심	2323
荷主	하주	2323
衣冠	의관	2323
靈長	영장	2323
倭人	왜인	2322
恒星	항성	2322
收租地	수조지	2322
散策路	산책로	2322
角逐戰	각축전	2322
超新星	초신성	2322
野蠻人	야만인	2322
含意	함의	2321
慈善	자선	2321
振作	진작	2321
東軒	동헌	2321
汎國民的	범국민적	2321
無臭	무취	2321
發露	발로	2321
自敍傳	자서전	2321
鎭火	진화	2321
原稿料	원고료	2320
反對給付	반대급부	2320
妄動	망동	2320
敏感性	민감성	2320
相對役	상대역	2320
空輸	공수	2320
腹式	복식	2320
解釋者	해석자	2320
靈界	영계	2320
主縣	주현	2319
先驅的	선구적	2319
名簿	명부	2319
徵兵	징병	2319
排中律	배중률	2319
汚名	오명	2319
渴望	갈망	2319
疫學	역학	2319
補償金	보상금	2319
顧問官	고문관	2319
休憩所	휴게소	2318
傳貰金	전세금	2318
剩餘金	잉여금	2318
吏讀	이두	2318
和睦	화목	2318
寬容	관용	2318
憂患	우환	2318
改閣	개각	2318
生鮮膾	생선회	2318
疾走	질주	2318
病菌	병균	2318
神像	신상	2318
終焉	종언	2318
臨終	임종	2318
舍利塔	사리탑	2318
角逐	각축	2318
關聯性	관련성	2318
陽曆	양력	2318
坑木	갱목	2317
山蔘	산삼	2317
手指鍼	수지침	2317
旋風的	선풍적	2317
時限附	시한부	2317
水蔘	수삼	2317
生殖	생식	2317
紳士服	신사복	2317
門牌	문패	2317
免責	면책	2316
公募株	공모주	2316
搖動	요동	2316
斬新性	참신성	2316
消防署	소방서	2316
風貌	풍모	2316
交叉	교차	2315
倂合	병합	2315
培養	배양	2315
奧地	오지	2315
幹線	간선	2315
序幕	서막	2315
抑壓者	억압자	2315
書翰	서한	2315
月給封套	월급봉투	2315
望樓	망루	2315
正鵠	정곡	2315
洗濯物	세탁물	2315
裁判權	재판권	2315
賤視	천시	2315
過慾	과욕	2315
審理	심리	2314
愛玩動物	애완동물	2314
極樂殿	극락전	2314
禪敎	선교	2314
秒速	초속	2314
結晶	결정	2314
緯度	위도	2314
聰氣	총기	2314
脆弱性	취약성	2314
遵守	준수	2314
抗生劑	항생제	2313
繁殖力	번식력	2313
超大型	초대형	2313
附加稅	부가세	2313
預置金	예치금	2313
香水甁	향수병	2313
傳播	전파	2312
凡俗	범속	2312
午餐	오찬	2312
受像機	수상기	2312
含量	함량	2312
哀歡	애환	2312
壓迫感	압박감	2312
岐路	기로	2312
微熱	미열	2312
抒情性	서정성	2312
棄權	기권	2312
橋頭堡	교두보	2312
滅種	멸종	2312
直轄市	직할시	2312
示唆	시사	2312
經絡	경락	2312
誘引	유인	2312
酪農業	낙농업	2312
銀箔紙	은박지	2312
鐵塔	철탑	2312
鼓舞的	고무적	2312
保溫甁	보온병	2311
噴水	분수	2311
慘敗	참패	2311
懸賞	현상	2311
絃樂器	현악기	2311
膝下	슬하	2311
輿望	여망	2311
鍍金	도금	2311
魚缸	어항	2311
麾下	휘하	2311
假設舞臺	가설무대	2310
回診	회진	2310
被害額	피해액	2310
豫備役	예비역	2310
超傳導	초전도	2310
蹴球場	축구장	2310
防潮堤	방조제	2310
免職	면직	2309
分揀	분간	2309
改札	개찰	2309
新型	신형	2309
淑儀	숙의	2309
病棟	병동	2309
稚氣	치기	2309
稟性	품성	2309
穀倉	곡창	2309
精銳	정예	2309
編輯部	편집부	2309
裸體	나체	2309
辭讓	사양	2309
追擊	추격	2309
鹽素	염소	2309
先鋒隊	선봉대	2308
冷藏	냉장	2308
埋設	매설	2308
牙城	아성	2308
硏磨機	연마기	2308
酌婦	작부	2308
閃光	섬광	2308
傳貰房	전세방	2307
巡廻公演	순회공연	2307
虎列刺	호열자	2307
數爻	수효	2306
族閥	족벌	2306
烽火臺	봉화대	2306
登攀	등반	2306
聯邦制	연방제	2306
賊反荷杖	적반하장	2306
顯微鏡	현미경	2306
優越	우월	2305
徵兆	징조	2305
懷柔	회유	2305
換腸	환장	2305
昇格	승격	2305
殘影	잔영	2305
激突	격돌	2305
猛獸	맹수	2305
畢竟	필경	2305
被疑	피의	2305
貢賦	공부	2305
貫祿	관록	2305
逆襲	역습	2305
鎭靜	진정	2305
雙雙	쌍쌍	2305
鹽類	염류	2305
恩寵	은총	2304
敏捷性	민첩성	2304
鎔接	용접	2304
圓融	원융	2303
巖圈	암권	2303
抗訴審	항소심	2303
條件附	조건부	2303
沮害	저해	2303
蟄居	칩거	2303
闊葉	활엽	2303
携帶	휴대	2302
犧牲物	희생물	2302
廉恥	염치	2301
徵標	징표	2301
汚辱	오욕	2301
漆器	칠기	2301
被襲	피습	2301
褒賞	포상	2301
貫徹	관철	2301
遲刻	지각	2301
凱歌	개가	2300
禁錮	금고	2300
貨殖	화식	2300
骨髓	골수	2300
呵責	가책	2298
瀑布	폭포	2298
亢羅	항라	2297
偏頗	편파	2297
僧伽	승가	2297
氷醋酸	빙초산	2297
濃縮	농축	2297
胃癌	위암	2297
胎夢	태몽	2297
輪廻	윤회	2297
饗宴	향연	2297
龜鑑	귀감	2297
核酸	핵산	2294
腦腫瘍	뇌종양	2294
弛緩	이완	2293
紡織	방직	2293
顚覆	전복	2293
乾葡萄	건포도	2292
澱粉	전분	2291
裨補	비보	2291
貢緞	공단	2291
隱喩	은유	2291
巢窟	소굴	2288
彫塑	조소	2282
漕艇	조정	2282
糞尿	분뇨	2282
肌膚	기부	2282
恍惚境	황홀경	2281
借入金	차입금	2098
外皮	외피	2098
天井不知	천정부지	2097
輸出入	수출입	2096
雪上加霜	설상가상	2095
自述書	자술서	2094
輸出國	수출국	2094
過去之事	과거지사	2094
原著者	원저자	2093
同病相憐	동병상련	2093
此日彼日	차일피일	2093
食鹽水	식염수	2093
一般化	일반화	2092
世代交替	세대교체	2092
借入	차입	2092
出嫁外人	출가외인	2092
劃一主義	획일주의	2092
大尾	대미	2092
妻子	처자	2092
左右翼	좌우익	2092
振動子	진동자	2092
日辰	일진	2092
聯合軍	연합군	2091
需要者	수요자	2091
不倫	불륜	2090
喪家	상가	2090
審問者	심문자	2090
感之德之	감지덕지	2090
被敎育者	피교육자	2090
諸國	제국	2090
辰國	진국	2090
上策	상책	2089
主宰者	주재자	2089
大乘的	대승적	2089
日沒	일몰	2089
死亡率	사망률	2089
漏出	누출	2089
猶太敎	유태교	2089
異邦人	이방인	2089
盲人	맹인	2089
突入	돌입	2089
索出	색출	2089
花菜	화채	2089
企業主	기업주	2088
外泊	외박	2088
心肺	심폐	2088
東盟	동맹	2088
淡水	담수	2088
白眉	백미	2088
盲目	맹목	2088
石像	석상	2088
礎石	초석	2088
耳柱	이주	2088
金冠	금관	2088
雙手	쌍수	2088
預金者	예금자	2088
不惑	불혹	2087
伸長期	신장기	2087
依賴人	의뢰인	2087
劣等意識	열등의식	2087
執權者	집권자	2087
太陽曆	태양력	2087
必需品	필수품	2087
成熟期	성숙기	2087
水蒸氣	수증기	2087
流浪	유랑	2087
浩然之氣	호연지기	2087
無我	무아	2087
登頂	등정	2087
透明紙	투명지	2087
雇用主	고용주	2087
半熟	반숙	2086
召命	소명	2086
夕刊	석간	2086
多寡	다과	2086
平泳	평영	2086
弔問	조문	2086
朝刊	조간	2086
梅花	매화	2086
玄米	현미	2086
糖分	당분	2086
螢光	형광	2086
越冬	월동	2086
隨時	수시	2086
五臟	오장	2085
交叉路	교차로	2085
企業所	기업소	2085
噴火口	분화구	2085
契約者	계약자	2085
編入	편입	2085
能率的	능률적	2085
腦貧血	뇌빈혈	2085
附子	부자	2085
仲介業者	중개업자	2084
內藏	내장	2084
冷却水	냉각수	2084
出席簿	출석부	2084
右旋	우선	2084
吉凶禍福	길흉화복	2084
啓示	계시	2084
基幹産業	기간산업	2084
定慧	정혜	2084
忍耐力	인내력	2084
所藏品	소장품	2084
浮黃	부황	2084
石綿	석면	2084
策定	책정	2084
腐心	부심	2084
該當者	해당자	2084
超自我	초자아	2084
金融業	금융업	2084
鬼面	귀면	2084
偏向性	편향성	2083
告祀	고사	2083
平行棒	평행봉	2083
庶民的	서민적	2083
微風	미풍	2083
淡色	담색	2083
渡船場	도선장	2083
腦下垂體	뇌하수체	2083
茫茫大海	망망대해	2083
鈍化	둔화	2083
中距離	중거리	2082
便乘	편승	2082
偏食	편식	2082
半徑	반경	2082
國債	국채	2082
日較差	일교차	2082
沿道	연도	2082
腰部	요부	2082
臺地	대지	2082
訂正	정정	2082
輸出額	수출액	2082
醜行	추행	2082
印刷物	인쇄물	2081
奮發	분발	2081
微溫的	미온적	2081
微物	미물	2081
搾取者	착취자	2081
新刊	신간	2081
昭容	소용	2081
暗暗裏	암암리	2081
沒頭	몰두	2081
申聞鼓	신문고	2081
直販	직판	2081
腦性	뇌성	2081
興亡盛衰	흥망성쇠	2081
賤待	천대	2081
贊助	찬조	2081
軟性	연성	2081
飽和	포화	2081
黃昏	황혼	2081
一抹	일말	2080
四肢	사지	2080
土窟	토굴	2080
月俸	월봉	2080
民弊	민폐	2080
臺數	대수	2080
零細民	영세민	2080
騎士	기사	2080
共謀	공모	2079
冥福	명복	2079
展望臺	전망대	2079
枝葉的	지엽적	2079
紫色	자색	2079
耐久性	내구성	2079
自己犧牲	자기희생	2079
自己矛盾	자기모순	2079
蒼空	창공	2079
表裏	표리	2079
變奏曲	변주곡	2079
貿易業	무역업	2079
越尺	월척	2079
身體髮膚	신체발부	2079
金剛座	금강좌	2079
防空壕	방공호	2079
香辛料	향신료	2079
驅步	구보	2079
別館	별관	2078
勢力圈	세력권	2078
垈地	대지	2078
廢油	폐유	2078
捕卒	포졸	2078
管鮑之交	관포지교	2078
蠻行	만행	2078
被服	피복	2078
裁判官	재판관	2078
躍進	약진	2078
迷兒	미아	2078
霧散	무산	2078
云云	운운	2077
伸縮性	신축성	2077
倭政	왜정	2077
剛度	강도	2077
友誼	우의	2077
妥協的	타협적	2077
媒介體	매개체	2077
所藏	소장	2077
當籤者	당첨자	2077
監獄所	감옥소	2077
神殿	신전	2077
農奴制	농노제	2077
大腸癌	대장암	2076
彼此	피차	2076
恐怖心	공포심	2076
摩天樓	마천루	2076
敵愾心	적개심	2076
酸化	산화	2076
閉鎖性	폐쇄성	2076
閱覽室	열람실	2076
保護策	보호책	2075
假契約	가계약	2075
傳染	전염	2075
僞造紙幣	위조지폐	2075
勞役	노역	2075
媒質	매질	2075
密輸	밀수	2075
意匠	의장	2075
我執	아집	2075
料亭	요정	2075
昇給	승급	2075
暴炎	폭염	2075
沒收	몰수	2075
潛望鏡	잠망경	2075
狂的	광적	2075
現札	현찰	2075
落札	낙찰	2075
裁量	재량	2075
診察室	진찰실	2075
詳報	상보	2075
豫防策	예방책	2075
販賣額	판매액	2075
間歇的	간헐적	2075
頹廢主義	퇴폐주의	2075
魔法	마법	2075
傍聽客	방청객	2074
回顧錄	회고록	2074
廓大	확대	2074
怏心	앙심	2074
柚子	유자	2074
莊園	장원	2074
亞熱帶	아열대	2073
印刷術	인쇄술	2073
哨所	초소	2073
姑息的	고식적	2073
審議官	심의관	2073
滿了	만료	2073
炭酸飮料	탄산음료	2073
裁判廷	재판정	2073
辦公費	판공비	2073
侮辱感	모욕감	2072
僧舞	승무	2072
冷却	냉각	2072
前轍	전철	2072
懷疑感	회의감	2072
投獄	투옥	2072
獄舍	옥사	2072
發癌	발암	2072
眞髓	진수	2072
精靈	정령	2072
編輯局長	편집국장	2072
罷免	파면	2072
羞恥心	수치심	2072
耐久	내구	2072
貫衆	관중	2072
追慕	추모	2072
闡明	천명	2072
革罷	혁파	2072
黎明	여명	2072
健忘症	건망증	2071
參酌	참작	2071
官婢	관비	2071
廉價	염가	2071
延建坪	연건평	2071
緯絲	위사	2071
肥滿症	비만증	2071
間隙	간극	2071
防蟲劑	방충제	2071
亢進	항진	2070
侮辱的	모욕적	2070
元兇	원흉	2070
受賂	수뢰	2070
法曹	법조	2070
狹義	협의	2070
表彰	표창	2070
駐屯軍	주둔군	2070
修飾	수식	2069
唐制	당제	2069
文匣	문갑	2069
棋士	기사	2069
沈潛	침잠	2069
猝富	졸부	2069
町步	정보	2069
累增	누증	2069
絨毛	융모	2069
編修	편수	2069
落榜	낙방	2069
轟音	굉음	2069
週刊紙	주간지	2069
防禦率	방어율	2069
妄靈	망령	2068
懇請	간청	2068
懲役刑	징역형	2068
排卵	배란	2068
排除	배제	2068
群像	군상	2068
腹痛	복통	2068
觸媒	촉매	2068
謹愼	근신	2068
超緊張	초긴장	2068
追徵	추징	2068
銅版	동판	2068
上疏	상소	2067
埋藏量	매장량	2067
換氣筒	환기통	2067
枯葉劑	고엽제	2067
槪括的	개괄적	2067
諜報	첩보	2067
醫療費	의료비	2067
頒布	반포	2067
劈頭	벽두	2066
匕首	비수	2066
捺印	날인	2066
焦燥感	초조감	2066
癩病	나병	2066
黃疸	황달	2066
府尹	부윤	2065
副審	부심	2064
徹底	철저	2064
涵養	함양	2064
滯拂	체불	2064
緩衝	완충	2064
訣別	결별	2064
認准	인준	2064
附帶	부대	2064
卓球臺	탁구대	2063
憂鬱	우울	2063
撮影機	촬영기	2063
欺瞞的	기만적	2063
漁撈	어로	2063
皮膚癌	피부암	2063
精髓	정수	2063
胸椎	흉추	2063
觸媒劑	촉매제	2063
嫉妬心	질투심	2062
洗滌	세척	2061
爬蟲類	파충류	2061
酬價	수가	2061
寄附	기부	2060
幻滅	환멸	2060
怏宿	앙숙	2060
恐慌	공황	2060
折衷	절충	2060
指紋	지문	2060
排斥	배척	2060
汚泥	오니	2060
窮乏	궁핍	2060
糖尿	당뇨	2060
胞胎	포태	2060
茶菓	다과	2060
週刊	주간	2060
避妊藥	피임약	2060
陶醉	도취	2060
龍膽	용담	2060
矛盾律	모순율	2059
盆栽	분재	2057
解剖	해부	2057
輻射	복사	2057
饒舌	요설	2057
阿彌陀佛	아미타불	2056
堆肥	퇴비	2054
弧狀	호상	2054
懺悔	참회	2054
羞恥	수치	2054
轉嫁	전가	2054
隊伍	대오	2054
默念	묵념	2053
躊躇	주저	2051
冒瀆	모독	2050
刺繡	자수	2050
幣帛	폐백	2050
拔擢	발탁	2050
蜜蠟	밀랍	2050
潰瘍	궤양	2046
閭閻	여염	2046
頸椎	경추	2045
鴛鴦衾枕	원앙금침	2045
焰硝	염초	2041
猖披	창피	2040
誹謗	비방	2040
諸子百家	제자백가	1833
他山之石	타산지석	1830
千辛萬苦	천신만고	1830
朋友有信	붕우유신	1830
著名人士	저명인사	1830
出版人	출판인	1829
人之常情	인지상정	1828
六大洲	육대주	1828
白日夢	백일몽	1828
皇太子	황태자	1828
同盟國	동맹국	1827
役分田	역분전	1827
微生物學	미생물학	1827
生死禍福	생사화복	1827
當然之事	당연지사	1827
百年佳約	백년가약	1827
聯合通信	연합통신	1827
花郞道	화랑도	1827
萬事亨通	만사형통	1827
一家親戚	일가친척	1826
其人	기인	1826
唯一神	유일신	1826
地震學	지진학	1826
毛皮	모피	1826
白雪糖	백설탕	1826
聯合國	연합국	1826
誕生日	탄생일	1826
長幼有序	장유유서	1826
友邦國	우방국	1825
執刀	집도	1825
堂姑母	당고모	1825
大成殿	대성전	1825
天幕村	천막촌	1825
妻兄	처형	1825
山間僻地	산간벽지	1825
排水口	배수구	1825
晴天	청천	1825
水銀柱	수은주	1825
諸行無常	제행무상	1825
國民株	국민주	1824
執筆者	집필자	1824
安定策	안정책	1824
幼年期	유년기	1824
心臟部	심장부	1824
慣用語	관용어	1824
未來像	미래상	1824
要塞地	요새지	1824
要衝地	요충지	1824
計劃書	계획서	1824
不淨	부정	1823
世界像	세계상	1823
出版物	출판물	1823
半永久的	반영구적	1823
唯物主義	유물주의	1823
小宇宙	소우주	1823
山神靈	산신령	1823
恒時	항시	1823
抽出物	추출물	1823
月桂樹	월계수	1823
本軌道	본궤도	1823
立脚	입각	1823
著作權者	저작권자	1823
貧富貴賤	빈부귀천	1823
軍司令部	군사령부	1823
鳳仙花	봉선화	1823
一貫	일관	1822
丹靑	단청	1822
主謀者	주모자	1822
入超	입초	1822
入閣	입각	1822
哲學史	철학사	1822
問喪客	문상객	1822
喪主	상주	1822
忌日	기일	1822
所有慾	소유욕	1822
日曆	일력	1822
背山臨水	배산임수	1822
苦肉策	고육책	1822
超人	초인	1822
隨筆家	수필가	1822
高官大爵	고관대작	1822
七賤	칠천	1821
南岸	남안	1821
大型車	대형차	1821
嶺西	영서	1821
幹部會	간부회	1821
心腹	심복	1821
捕手	포수	1821
方丈	방장	1821
方策	방책	1821
木塔	목탑	1821
木蓮	목련	1821
民間療法	민간요법	1821
水泳服	수영복	1821
江岸	강안	1821
潛水	잠수	1821
無爲而化	무위이화	1821
獄門	옥문	1821
腦卒中	뇌졸중	1821
表皮	표피	1821
越南	월남	1821
迫力	박력	1821
陳田	진전	1821
乙丑	을축	1820
司書	사서	1820
形容詞	형용사	1820
無顔	무안	1820
開館式	개관식	1820
克己	극기	1819
功勳田	공훈전	1819
化粧法	화장법	1819
國祿	국록	1819
地雷	지뢰	1819
大型化	대형화	1819
幕後	막후	1819
戀書	연서	1819
渡美	도미	1819
潛行	잠행	1819
熟成	숙성	1819
腹部	복부	1819
萬般	만반	1819
身役	신역	1819
還國	환국	1819
電磁石	전자석	1819
鹽分	염분	1819
中庸	중용	1818
乞人	걸인	1818
二審	이심	1818
供給者	공급자	1818
公募展	공모전	1818
坐向	좌향	1818
大氣圈	대기권	1818
契約書	계약서	1818
拔出	발출	1818
某日	모일	1818
正面衝突	정면충돌	1818
水彩	수채	1818
法秩序	법질서	1818
添加物	첨가물	1818
發病率	발병률	1818
終乃	종내	1818
自慢	자만	1818
萬愚節	만우절	1818
親睦會	친목회	1818
訓鍊場	훈련장	1818
誓約書	서약서	1818
追從者	추종자	1818
零上	영상	1818
駐在國	주재국	1818
不干涉	불간섭	1817
乾果	건과	1817
交通網	교통망	1817
作詞	작사	1817
口徑	구경	1817
吉兆	길조	1817
姨母夫	이모부	1817
宇宙服	우주복	1817
定役	정역	1817
小盤	소반	1817
左旋	좌선	1817
心魂	심혼	1817
愚民	우민	1817
慈愛	자애	1817
搜査本部	수사본부	1817
曾孫	증손	1817
木枕	목침	1817
水晶	수정	1817
水盤	수반	1817
汎世界的	범세계적	1817
禪心	선심	1817
童貞	동정	1817
蛇足	사족	1817
記念塔	기념탑	1817
記載	기재	1817
超現實的	초현실적	1817
追隨主義	추수주의	1817
重役	중역	1817
重症	중증	1817
鎭山	진산	1817
闊葉樹林	활엽수림	1817
非需期	비수기	1817
便宜性	편의성	1816
唯物論的	유물론적	1816
如意珠	여의주	1816
完遂	완수	1816
寡守宅	과수댁	1816
御命	어명	1816
御用	어용	1816
應募者	응모자	1816
期待値	기대치	1816
淸濁	청탁	1816
熟語	숙어	1816
獄苦	옥고	1816
由緖	유서	1816
自己陶醉	자기도취	1816
補給路	보급로	1816
解釋學	해석학	1816
販賣所	판매소	1816
貫通	관통	1816
陷落	함락	1816
電柱	전주	1816
一邊倒	일변도	1815
先驅	선구	1815
割賦金	할부금	1815
外販員	외판원	1815
審美	심미	1815
普遍主義	보편주의	1815
浪說	낭설	1815
濕地	습지	1815
牽引車	견인차	1815
神經症	신경증	1815
縮小版	축소판	1815
自我批判	자아비판	1815
裁判所	재판소	1815
輸入額	수입액	1815
遵法精神	준법정신	1815
酸性化	산성화	1815
使役	사역	1814
假需要	가수요	1814
兼業	겸업	1814
啓發	계발	1814
惡靈	악령	1814
愛憎	애증	1814
打開策	타개책	1814
放縱	방종	1814
死刑囚	사형수	1814
破壞力	파괴력	1814
破裂音	파열음	1814
私書函	사서함	1814
美式蹴球	미식축구	1814
腦神經	뇌신경	1814
英靈	영령	1814
遭難者	조난자	1814
除幕式	제막식	1814
陰電荷	음전하	1814
鹿角	녹각	1814
丘陵地	구릉지	1813
官僚化	관료화	1813
思辨的	사변적	1813
搬入	반입	1813
禮儀凡節	예의범절	1813
筋持久力	근지구력	1813
緊急會議	긴급회의	1813
罪囚服	죄수복	1813
證言臺	증언대	1813
象徵主義	상징주의	1813
電磁氣波	전자기파	1813
預入	예입	1813
倭色	왜색	1812
偏向的	편향적	1812
冒險心	모험심	1812
反騰	반등	1812
哀願	애원	1812
執務	집무	1812
常套語	상투어	1812
普遍化	보편화	1812
淸廉	청렴	1812
獸醫師	수의사	1812
直線距離	직선거리	1812
硬化	경화	1812
緘口令	함구령	1812
義俠心	의협심	1812
舞踊手	무용수	1812
近距離	근거리	1812
追體驗	추체험	1812
遲遲不進	지지부진	1812
銀杏	은행	1812
不穩	불온	1811
僧服	승복	1811
兒役	아역	1811
割當	할당	1811
排氣量	배기량	1811
敗訴	패소	1811
梅實	매실	1811
玄武	현무	1811
異邦	이방	1811
船尾	선미	1811
賣渡	매도	1811
輕微	경미	1811
還買	환매	1811
陋名	누명	1811
陵參奉	능참봉	1811
集荷	집하	1811
主旨	주지	1810
供給量	공급량	1810
回轉率	회전율	1810
安靜劑	안정제	1810
容積率	용적률	1810
對策案	대책안	1810
性徵	성징	1810
抽象性	추상성	1810
拙速	졸속	1810
殉敎	순교	1810
洋夷	양이	1810
濫發	남발	1810
燒失	소실	1810
空襲警報	공습경보	1810
緊張性	긴장성	1810
自嘲的	자조적	1810
薰氣	훈기	1810
蠶食	잠식	1810
遠征隊	원정대	1810
駐美	주미	1810
仲媒結婚	중매결혼	1809
堯舜時代	요순시대	1809
女俳優	여배우	1809
懸板式	현판식	1809
暗中摸索	암중모색	1809
無廉恥	무염치	1809
狹心症	협심증	1809
謀利輩	모리배	1809
追從	추종	1809
頭蓋骨	두개골	1809
三昧	삼매	1808
亞種	아종	1808
僻村	벽촌	1808
億丈	억장	1808
免稅	면세	1808
合倂症	합병증	1808
吟遊	음유	1808
呈才	정재	1808
哀愁	애수	1808
喪妻	상처	1808
奉祀	봉사	1808
定款	정관	1808
密封	밀봉	1808
幼蟲	유충	1808
成層圈	성층권	1808
扇形	선형	1808
抱卵	포란	1808
撤軍	철군	1808
播種	파종	1808
期限附	기한부	1808
架橋	가교	1808
架設	가설	1808
染料	염료	1808
機械科	기계과	1808
民譚	민담	1808
漸次的	점차적	1808
火焰	화염	1808
瓦解	와해	1808
竹筍	죽순	1808
累進稅	누진세	1808
衒學的	현학적	1808
軍艦	군함	1808
軍閥	군벌	1808
迫害	박해	1808
鄕吏	향리	1808
鋼鐵	강철	1808
關稅率	관세율	1808
電磁	전자	1808
三諦	삼체	1807
低廉	저렴	1807
修了	수료	1807
六腑	육부	1807
典當鋪	전당포	1807
冠婚喪祭	관혼상제	1807
口腔	구강	1807
大蛤	대합	1807
將臺	장대	1807
抑止	억지	1807
月餠	월병	1807
汚染物	오염물	1807
烽火	봉화	1807
石膏	석고	1807
薄氷	박빙	1807
藥湯	약탕	1807
面紗布	면사포	1807
龍頭蛇尾	용두사미	1807
丹頂鶴	단정학	1806
供給源	공급원	1806
免稅點	면세점	1806
創刊號	창간호	1806
化粧臺	화장대	1806
搭乘者	탑승자	1806
撞球場	당구장	1806
核融合	핵융합	1806
獨舞臺	독무대	1806
編修官	편수관	1806
道聖諦	도성제	1806
附屬品	부속품	1806
附屬室	부속실	1806
靑孀寡婦	청상과부	1806
駐在員	주재원	1806
不朽	불후	1805
任免	임면	1805
供招	공초	1805
免賤	면천	1805
凶夢	흉몽	1805
削除	삭제	1805
劍舞	검무	1805
叢書	총서	1805
吐露	토로	1805
堯舜時節	요순시절	1805
壯版	장판	1805
妙策	묘책	1805
季刊	계간	1805
孤寂感	고적감	1805
尊影	존영	1805
徹頭徹尾	철두철미	1805
愛玩犬	애완견	1805
斷片	단편	1805
於焉	어언	1805
注射劑	주사제	1805
浮標	부표	1805
照應	조응	1805
猜忌心	시기심	1805
生庫紗	생고사	1805
碧眼	벽안	1805
腦炎	뇌염	1805
虛飢	허기	1805
蠻勇	만용	1805
讚揚	찬양	1805
貞操	정조	1805
連累	연루	1805
遍歷	편력	1805
遮陽	차양	1805
雜菜	잡채	1805
首勳	수훈	1805
半臂	반비	1804
商賈船	상고선	1804
怪變	괴변	1804
慘變	참변	1804
抵抗權	저항권	1804
擴聲器	확성기	1804
昇降機	승강기	1804
次帥	차수	1804
治癒策	치유책	1804
海苔	해태	1804
甲狀腺	갑상선	1804
硬變	경변	1804
祈禱會	기도회	1804
花卉	화훼	1804
貿易港	무역항	1804
超滿員	초만원	1804
侮辱罪	모욕죄	1803
射程距離	사정거리	1803
松津	송진	1803
赦過	사과	1803
蹶起	궐기	1803
奪占	탈점	1802
孵化	부화	1802
散炙	산적	1802
末梢的	말초적	1802
丹粧	단장	1801
偏狹性	편협성	1801
催眠	최면	1801
傾倒	경도	1801
兼任	겸임	1801
兼床	겸상	1801
兼職	겸직	1801
削髮	삭발	1801
副總裁	부총재	1801
副詞	부사	1801
廢妃	폐비	1801
押留	압류	1801
挽回	만회	1801
橫斷	횡단	1801
殘像	잔상	1801
狂亂	광란	1801
狂態	광태	1801
猛毒	맹독	1801
盲點	맹점	1801
破廉恥	파렴치	1801
祭臺	제대	1801
禪房	선방	1801
策略	책략	1801
管掌	관장	1801
置簿冊	치부책	1801
臨迫	임박	1801
賦役	부역	1801
轉補	전보	1801
遞增	체증	1801
配役陣	배역진	1801
附逆	부역	1801
震源	진원	1801
類似點	유사점	1801
餓鬼	아귀	1801
利尿劑	이뇨제	1800
宗旨	종지	1800
宥和	유화	1800
更迭	경질	1800
消耗的	소모적	1800
滿身瘡痍	만신창이	1800
經濟圈	경제권	1800
蕩減	탕감	1800
藤椅子	등의자	1800
連絡網	연락망	1800
魅惑的	매혹적	1800
彗星	혜성	1799
手腕	수완	1799
搜査隊	수사대	1799
昏睡狀態	혼수상태	1799
氣怯	기겁	1799
洋緞	양단	1799
淨化槽	정화조	1799
直轄	직할	1799
腕力	완력	1799
螺旋形	나선형	1799
遁甲	둔갑	1799
酪農	낙농	1799
飜譯機	번역기	1799
駝鳥	타조	1799
打撲傷	타박상	1798
棄却	기각	1798
症候	증후	1798
修繕	수선	1797
垂範	수범	1797
寄稿	기고	1797
慘禍	참화	1797
拔群	발군	1797
擁護	옹호	1797
淵源	연원	1797
滯納	체납	1797
眺望	조망	1797
私邸	사저	1797
臺帳	대장	1797
臺座	대좌	1797
蝶泳	접영	1797
謀略	모략	1797
錯亂	착란	1797
附隨	부수	1797
隱蔽	은폐	1797
默言	묵언	1797
黨僚	당료	1797
坐礁	좌초	1796
嬌聲	교성	1796
探偵	탐정	1796
浮腫	부종	1796
積載函	적재함	1796
縫製	봉제	1796
蹴球團	축구단	1796
閨秀	규수	1796
弑害	시해	1795
憧憬心	동경심	1795
揭揚臺	게양대	1795
官紗	관사	1794
朱雀	주작	1794
贖罪	속죄	1794
領袖	영수	1794
侵蝕	침식	1793
喫煙	끽연	1793
幻影	환영	1793
彫像	조상	1793
扁桃腺	편도선	1793
指揮棒	지휘봉	1793
楕圓	타원	1793
欽慕	흠모	1793
煙筒	연통	1793
煽炭	선탄	1793
療飢	요기	1793
穩健	온건	1793
窒塞	질색	1793
窒息	질식	1793
肝癌	간암	1793
腦髓	뇌수	1793
螺絲	나사	1793
覆蓋	복개	1793
遮斷	차단	1793
魅惑	매혹	1793
魔鬼	마귀	1793
熟庫紗	숙고사	1792
腹腔鏡	복강경	1792
爽快	상쾌	1791
硫黃	유황	1791
驚惶	경황	1791
默想	묵상	1791
嗚咽	오열	1790
批准	비준	1790
投擲	투척	1790
紗帽冠帶	사모관대	1790
菽麥	숙맥	1790
毁謗	훼방	1789
焦燥	초조	1789
砲臺	포대	1789
游泳	유영	1788
肋膜炎	늑막염	1788
占卦	점괘	1787
吐紬	토주	1787
嘲弄	조롱	1787
奴僕	노복	1787
孔雀	공작	1787
挾攻	협공	1787
捕鯨	포경	1787
痔疾	치질	1787
痼疾	고질	1787
盜癖	도벽	1787
瞳孔	동공	1787
薑板	강판	1787
詭辯	궤변	1787
豪奢	호사	1787
返戾	반려	1787
鍮器	유기	1787
雙璧	쌍벽	1787
鳳凰	봉황	1787
諧謔的	해학적	1786
懶怠	나태	1783
膵臟	췌장	1783
彌勒	미륵	1779
默契	묵계	1779
泡沫	포말	1778
浚渫	준설	1778
棍杖	곤장	1773
饌盒	찬합	1773
醋醬	초장	1772
面刀	면도	1519
果刀	과도	1516
五里霧中	오리무중	1513
師弟之間	사제지간	1513
王世子妃	왕세자비	1513
形而上學	형이상학	1512
信仰心	신앙심	1511
國泰民安	국태민안	1511
王大妃	왕대비	1511
美顔水	미안수	1511
信仰生活	신앙생활	1510
大慈大悲	대자대비	1510
女人像	여인상	1510
下腹部	하복부	1509
交通地獄	교통지옥	1509
人間像	인간상	1509
執事部	집사부	1509
大地震	대지진	1509
潛水夫	잠수부	1509
老人亭	노인정	1509
胸部外科	흉부외과	1509
自激之心	자격지심	1509
不名譽	불명예	1508
不透明	불투명	1508
南海岸	남해안	1508
固執不通	고집불통	1508
女車掌	여차장	1508
愛之重之	애지중지	1508
排出口	배출구	1508
曾孫子	증손자	1508
未曾有	미증유	1508
百年偕老	백년해로	1508
自慢心	자만심	1508
一片丹心	일편단심	1507
乾魚物	건어물	1507
倒心形	도심형	1507
內憂	내우	1507
出征式	출정식	1507
出版界	출판계	1507
半透明	반투명	1507
同乘	동승	1507
坐不安席	좌불안석	1507
大悟	대오	1507
天皇	천황	1507
恒心	항심	1507
愁心	수심	1507
揚水	양수	1507
水墨	수묵	1507
白露	백로	1507
童貞男	동정남	1507
諸王	제왕	1507
露天	노천	1507
三綱五倫	삼강오륜	1506
乾地黃	건지황	1506
倫理學	윤리학	1506
同性戀愛	동성연애	1506
渴水期	갈수기	1506
焉敢生心	언감생심	1506
篤林家	독림가	1506
結者解之	결자해지	1506
金枝玉葉	금지옥엽	1506
一壘手	일루수	1505
一般圖	일반도	1505
三壘手	삼루수	1505
三角洲	삼각주	1505
二壘手	이루수	1505
借用	차용	1505
冬眠	동면	1505
凡夫	범부	1505
合乘	합승	1505
四攝法	사섭법	1505
國喪	국상	1505
大元帥	대원수	1505
實需要者	실수요자	1505
片道	편도	1505
腦出血	뇌출혈	1505
還元主義	환원주의	1505
三綱	삼강	1504
上告審	상고심	1504
僞善者	위선자	1504
公企業體	공기업체	1504
合成樹脂	합성수지	1504
年譜	연보	1504
役人	역인	1504
昇天	승천	1504
沈水	침수	1504
沒入	몰입	1504
潛入	잠입	1504
灌木林	관목림	1504
無計劃	무계획	1504
王冠	왕관	1504
胸高	흉고	1504
自滅	자멸	1504
自照	자조	1504
茫然自失	망연자실	1504
菜食	채식	1504
逐出	축출	1504
還生	환생	1504
銀粧刀	은장도	1504
乙巳五賊	을사오적	1503
八賤	팔천	1503
六畜	육축	1503
北玄武	북현무	1503
口述	구술	1503
外側	외측	1503
家計簿	가계부	1503
恒數	항수	1503
無蓋車	무개차	1503
編年體	편년체	1503
老妄氣	노망기	1503
西曆	서력	1503
超時代的	초시대적	1503
違反者	위반자	1503
靈木	영목	1503
黃雪糖	황설탕	1503
丁卯	정묘	1502
享受者	향수자	1502
休眠	휴면	1502
便宜主義	편의주의	1502
共著	공저	1502
卓上出版	탁상출판	1502
印刷業者	인쇄업자	1502
合掌	합장	1502
固定間諜	고정간첩	1502
天地開闢	천지개벽	1502
如何間	여하간	1502
始發驛	시발역	1502
姜太公	강태공	1502
娘家	낭가	1502
安樂椅子	안락의자	1502
封合	봉합	1502
弔問客	조문객	1502
我軍	아군	1502
未久	미구	1502
未開拓	미개척	1502
柔順	유순	1502
植栽	식재	1502
水中孤魂	수중고혼	1502
無慈悲	무자비	1502
諸法無我	제법무아	1502
通信簿	통신부	1502
開架式	개가식	1502
陽電荷	양전하	1502
三八紬	삼팔주	1501
下剋上	하극상	1501
凝集力	응집력	1501
分封	분봉	1501
古稀	고희	1501
名詞	명사	1501
唐衣	당의	1501
國役	국역	1501
報償金	보상금	1501
外揷法	외삽법	1501
大抵	대저	1501
尖兵	첨병	1501
微分	미분	1501
微積分學	미적분학	1501
恥部	치부	1501
捕校	포교	1501
曆書	역서	1501
最大値	최대치	1501
本署	본서	1501
橫行	횡행	1501
沙地	사지	1501
登山帽	등산모	1501
登山靴	등산화	1501
登記簿	등기부	1501
自家撞着	자가당착	1501
裁可	재가	1501
補正	보정	1501
西將臺	서장대	1501
譜學	보학	1501
豪雨	호우	1501
超人的	초인적	1501
間腦	간뇌	1501
隔世之感	격세지감	1501
食道癌	식도암	1501
飽食	포식	1501
驛前	역전	1501
麥飯石	맥반석	1501
三巴戰	삼파전	1500
含有量	함유량	1500
地役權	지역권	1500
外戚	외척	1500
失脚	실각	1500
嫡長子	적장자	1500
安全帽	안전모	1500
完了	완료	1500
懸賞金	현상금	1500
攝生	섭생	1500
晩時之歎	만시지탄	1500
曰可曰否	왈가왈부	1500
未熟兒	미숙아	1500
某月	모월	1500
浮浪者	부랑자	1500
減少率	감소율	1500
生明紬	생명주	1500
生活圈	생활권	1500
生物圈	생물권	1500
畜産業	축산업	1500
相談役	상담역	1500
紙筆墨	지필묵	1500
舶來品	박래품	1500
軍司令官	군사령관	1500
醉中	취중	1500
鐵道驛	철도역	1500
領事館	영사관	1500
丙寅	병인	1499
交替期	교체기	1499
代替物	대체물	1499
僞作	위작	1499
元旦	원단	1499
六旬	육순	1499
再編成	재편성	1499
化粧氣	화장기	1499
司法權	사법권	1499
執政官	집정관	1499
大對盧	대대로	1499
大腸炎	대장염	1499
官僚主義	관료주의	1499
心琴	심금	1499
惡喪	악상	1499
排他主義	배타주의	1499
文廟	문묘	1499
浮氣	부기	1499
無策	무책	1499
白綿布	백면포	1499
皮質	피질	1499
相衝	상충	1499
相距	상거	1499
禪門	선문	1499
紫金	자금	1499
荒土	황토	1499
荷重	하중	1499
虎神	호신	1499
財務諸表	재무제표	1499
超非常	초비상	1499
軍役	군역	1499
鑑賞者	감상자	1499
門地枋	문지방	1499
飛天像	비천상	1499
高踏的	고답적	1499
鬼才	귀재	1499
偶然性	우연성	1498
利率	이율	1498
前照燈	전조등	1498
十匙一飯	십시일반	1498
卽物的	즉물적	1498
實踐性	실천성	1498
封堂	봉당	1498
廣告塔	광고탑	1498
御前	어전	1498
恐妻家	공처가	1498
推薦書	추천서	1498
搜所聞	수소문	1498
架空	가공	1498
桃色	도색	1498
法曹人	법조인	1498
漏落	누락	1498
無我之境	무아지경	1498
照明燈	조명등	1498
珠玉	주옥	1498
相補的	상보적	1498
祈求	기구	1498
稀代	희대	1498
空腹	공복	1498
罷場	파장	1498
臨死	임사	1498
致死率	치사율	1498
落照	낙조	1498
著述家	저술가	1498
衰弱	쇠약	1498
補色	보색	1498
要綱	요강	1498
計劃案	계획안	1498
貝類	패류	1498
越權行爲	월권행위	1498
迫眞感	박진감	1498
追加的	추가적	1498
通譯官	통역관	1498
銀幕	은막	1498
隨筆集	수필집	1498
電荷	전하	1498
震動	진동	1498
音譯	음역	1498
餓死	아사	1498
世襲	세습	1497
世襲的	세습적	1497
及第	급제	1497
反撥力	반발력	1497
可視距離	가시거리	1497
地盤	지반	1497
埋立	매립	1497
大衆湯	대중탕	1497
奏者	주자	1497
年較差	연교차	1497
恒久性	항구성	1497
校葬	교장	1497
校訂	교정	1497
株式會社	주식회사	1497
止揚	지양	1497
民族魂	민족혼	1497
沿海	연해	1497
海棠花	해당화	1497
滯韓	체한	1497
焚身自殺	분신자살	1497
精神薄弱	정신박약	1497
美醜	미추	1497
至近距離	지근거리	1497
航空母艦	항공모함	1497
葬地	장지	1497
蒐集家	수집가	1497
補給所	보급소	1497
語彙力	어휘력	1497
讓受	양수	1497
購買力	구매력	1497
乾電池	건전지	1496
傳染性	전염성	1496
凡俗性	범속성	1496
助詞	조사	1496
勇猛	용맹	1496
回顧談	회고담	1496
天然痘	천연두	1496
太陰曆	태음력	1496
失策	실책	1496
契會	계회	1496
寒暑	한서	1496
幼稚園生	유치원생	1496
庚戌國恥	경술국치	1496
廢物	폐물	1496
後悔莫及	후회막급	1496
必需	필수	1496
忽然	홀연	1496
恭待	공대	1496
愛妾	애첩	1496
愛慾	애욕	1496
技巧的	기교적	1496
新株	신주	1496
時計錘	시계추	1496
最後通牒	최후통첩	1496
樹冠	수관	1496
次善策	차선책	1496
水疱性	수포성	1496
淸淨機	청정기	1496
溺死體	익사체	1496
熟果	숙과	1496
突發的	돌발적	1496
童僧	동승	1496
紙雨傘	지우산	1496
綴字法	철자법	1496
總領事館	총영사관	1496
肺病	폐병	1496
脫毛症	탈모증	1496
至賤	지천	1496
菌根	균근	1496
葬送曲	장송곡	1496
被造物	피조물	1496
補助的	보조적	1496
補血	보혈	1496
貧民窟	빈민굴	1496
貿易品	무역품	1496
賣惜	매석	1496
野慾	야욕	1496
錦繡江山	금수강산	1496
防止策	방지책	1496
隨行員	수행원	1496
雙發	쌍발	1496
鹽氣	염기	1496
一鍼	일침	1495
三壘	삼루	1495
上樑	상량	1495
傷痍勇士	상이용사	1495
公爵	공작	1495
割據主義	할거주의	1495
北歐	북구	1495
大尉	대위	1495
大聲痛哭	대성통곡	1495
大雄寶殿	대웅보전	1495
奇巖怪石	기암괴석	1495
對照表	대조표	1495
幹部級	간부급	1495
幾何級數	기하급수	1495
廣告欄	광고란	1495
拙作	졸작	1495
搬出	반출	1495
氣管支炎	기관지염	1495
水圈	수권	1495
水泡	수포	1495
洗面臺	세면대	1495
焦土	초토	1495
狹小	협소	1495
累計	누계	1495
胎中	태중	1495
胎土	태토	1495
腐植質	부식질	1495
膽力	담력	1495
衷心	충심	1495
記念鑄貨	기념주화	1495
賃勞動	임노동	1495
超高層	초고층	1495
過酸化	과산화	1495
違法的	위법적	1495
鑑賞會	감상회	1495
闕內	궐내	1495
隔意	격의	1495
駐日	주일	1495
魔手	마수	1495
便宜店	편의점	1494
便宜的	편의적	1494
修飾語	수식어	1494
原簿	원부	1494
右旋龍	우선룡	1494
夢遊病	몽유병	1494
大循環	대순환	1494
寡婦宅	과부댁	1494
左旋龍	좌선룡	1494
庶民層	서민층	1494
微視的	미시적	1494
思辨	사변	1494
旋風	선풍	1494
步幅	보폭	1494
殘忍性	잔인성	1494
求乞	구걸	1494
流線型	유선형	1494
浮浪兒	부랑아	1494
畿湖學派	기호학파	1494
發癌性	발암성	1494
語弊	어폐	1494
隔月刊	격월간	1494
風葬	풍장	1494
騰落	등락	1494
驅動	구동	1494
供養	공양	1493
個我	개아	1493
候補地	후보지	1493
僧科	승과	1493
先鋒將	선봉장	1493
再版	재판	1493
前哨	전초	1493
劍客	검객	1493
勝率	승률	1493
北極圈	북극권	1493
哨兵	초병	1493
回轉椅子	회전의자	1493
存廢	존폐	1493
學籍簿	학적부	1493
彩度	채도	1493
戶役	호역	1493
挑發的	도발적	1493
擁護者	옹호자	1493
暗誦	암송	1493
書札	서찰	1493
最終審	최종심	1493
本俸	본봉	1493
模倣者	모방자	1493
決裁	결재	1493
洗淨	세정	1493
漁獲	어획	1493
漸入佳境	점입가경	1493
無盡藏	무진장	1493
疾視	질시	1493
竝存	병존	1493
臆見	억견	1493
舞臺化	무대화	1493
荷置場	하치장	1493
蒸發量	증발량	1493
號牌法	호패법	1493
轉禍爲福	전화위복	1493
郵遞夫	우체부	1493
除草劑	제초제	1493
雜皮	잡피	1493
露宿	노숙	1493
靈藥	영약	1493
飜譯者	번역자	1493
中樞的	중추적	1492
倉庫業	창고업	1492
偶發	우발	1492
傍孫	방손	1492
免稅店	면세점	1492
半裸	반라	1492
南朱雀	남주작	1492
取捨選擇	취사선택	1492
吸血鬼	흡혈귀	1492
圖鑑	도감	1492
壯版紙	장판지	1492
布木廛	포목전	1492
徵發	징발	1492
所懷	소회	1492
改訂	개정	1492
斜陽	사양	1492
極超短波	극초단파	1492
潛伏期	잠복기	1492
無抵抗	무저항	1492
皮膚病	피부병	1492
盛需期	성수기	1492
窮餘之策	궁여지책	1492
純粹主義	순수주의	1492
結審	결심	1492
緊迫性	긴박성	1492
聽取率	청취율	1492
蒸發	증발	1492
衣鉢	의발	1492
被寫體	피사체	1492
被選擧權	피선거권	1492
補充的	보충적	1492
裸身	나신	1492
親睦契	친목계	1492
軟着陸	연착륙	1492
開封館	개봉관	1492
附圖	부도	1492
隆盛期	융성기	1492
隨想錄	수상록	1492
雙務的	쌍무적	1492
高麗葬	고려장	1492
魂神	혼신	1492
修鍊醫	수련의	1491
偶像化	우상화	1491
傾斜路	경사로	1491
免疫性	면역성	1491
典型性	전형성	1491
割當制	할당제	1491
土玄蔘	토현삼	1491
妄念	망념	1491
對症	대증	1491
念珠	염주	1491
擧皆	거개	1491
枯焦日	고초일	1491
沮止線	저지선	1491
浪漫性	낭만성	1491
消火栓	소화전	1491
潛水艇	잠수정	1491
熟考	숙고	1491
荒廢化	황폐화	1491
藤家具	등가구	1491
處暑	처서	1491
衝動購買	충동구매	1491
貯金筒	저금통	1491
賠償金	배상금	1491
非常措置	비상조치	1491
乾季	건계	1490
乾杯	건배	1490
備忘錄	비망록	1490
僧統	승통	1490
優良株	우량주	1490
切迫感	절박감	1490
唐詩	당시	1490
型式	형식	1490
嫡子	적자	1490
審判權	심판권	1490
封窓	봉창	1490
崇仰	숭앙	1490
巡撫大將	순무대장	1490
微量	미량	1490
感歎詞	감탄사	1490
戀敵	연적	1490
才媛	재원	1490
打率	타율	1490
排卵期	배란기	1490
接岸	접안	1490
收拾策	수습책	1490
最新型	최신형	1490
榮辱	영욕	1490
比丘	비구	1490
法網	법망	1490
演奏所	연주소	1490
潛伏勤務	잠복근무	1490
煽情的	선정적	1490
熱狂	열광	1490
皮膚科	피부과	1490
祈願	기원	1490
祝賀宴	축하연	1490
節槪	절개	1490
糖質	당질	1490
累進	누진	1490
統帥權	통수권	1490
綜合誌	종합지	1490
纖細性	섬세성	1490
耐熱	내열	1490
自矜	자긍	1490
花紋席	화문석	1490
解釋論	해석론	1490
訃音	부음	1490
診斷書	진단서	1490
誓約	서약	1490
貞淑	정숙	1490
購讀料	구독료	1490
追認	추인	1490
鐵拳	철권	1490
防寒帽	방한모	1490
陛下	폐하	1490
雅號	아호	1490
香臭	향취	1490
驛傳	역전	1490
一喝	일갈	1489
一瞥	일별	1489
人糞	인분	1489
再審	재심	1489
凝視	응시	1489
凝集	응집	1489
出嫁	출가	1489
刺客	자객	1489
加濕器	가습기	1489
如意紗	여의사	1489
怪漢	괴한	1489
手搏	수박	1489
按舞家	안무가	1489
振興局	진흥국	1489
排便	배변	1489
曇天	담천	1489
木鐸	목탁	1489
湯藥	탕약	1489
白苔	백태	1489
白蛤	백합	1489
硝子	초자	1489
硝石	초석	1489
臘月	납월	1489
衲子	납자	1489
連鎖的	연쇄적	1489
集氣甁	집기병	1489
養蜂	양봉	1489
魚袋	어대	1489
妥協點	타협점	1488
寄託金	기탁금	1488
彫刻品	조각품	1488
急騰勢	급등세	1488
抒情味	서정미	1488
撮影場	촬영장	1488
支準率	지준율	1488
槪略的	개략적	1488
消耗品	소모품	1488
狂亂的	광란적	1488
獨占慾	독점욕	1488
留巢性	유소성	1488
積載量	적재량	1488
罹災民	이재민	1488
互惠	호혜	1487
免租	면조	1487
六環杖	육환장	1487
叱正	질정	1487
哭聲	곡성	1487
喉頭	후두	1487
困惑	곤혹	1487
坐像	좌상	1487
堅振	견진	1487
夢精	몽정	1487
妻妾	처첩	1487
姑從	고종	1487
媤家	시가	1487
守禦	수어	1487
實驗臺	실험대	1487
帝釋	제석	1487
弘益	홍익	1487
恥骨	치골	1487
悔悟	회오	1487
戰戰兢兢	전전긍긍	1487
投影	투영	1487
投棄	투기	1487
放尿	방뇨	1487
旅閣	여각	1487
極微	극미	1487
樹齡	수령	1487
氣圈	기권	1487
洋靴	양화	1487
潛伏	잠복	1487
激浪	격랑	1487
濁酒	탁주	1487
熟眠	숙면	1487
特輯號	특집호	1487
猛威	맹위	1487
畜舍	축사	1487
病魔	병마	1487
療育	요육	1487
石膏像	석고상	1487
破棄	파기	1487
祭需	제수	1487
禁慾	금욕	1487
禁輸	금수	1487
綴字	철자	1487
胸像	흉상	1487
胸帶	흉대	1487
脫漏	탈루	1487
腦波	뇌파	1487
舞譜	무보	1487
舞踊服	무용복	1487
補講	보강	1487
製鍊	제련	1487
角膜	각막	1487
解凍	해동	1487
謙讓	겸양	1487
貸借	대차	1487
購讀	구독	1487
迎鼓	영고	1487
追越	추월	1487
遺稿	유고	1487
鍊武臺	연무대	1487
閉塞	폐색	1487
閣議	각의	1487
雷聲	뇌성	1487
韻律	운율	1487
飢渴	기갈	1487
飯床	반상	1487
鶴舞	학무	1487
僭主	참주	1486
允許	윤허	1486
印鑑	인감	1486
危篤	위독	1486
回轉軸	회전축	1486
增補版	증보판	1486
官僚制	관료제	1486
急襲	급습	1486
悖倫兒	패륜아	1486
抒情的	서정적	1486
救荒	구황	1486
杜絶	두절	1486
棲息地	서식지	1486
模本緞	모본단	1486
消耗戰	소모전	1486
盲腸炎	맹장염	1486
紺靑	감청	1486
苦聖諦	고성제	1486
荒城	황성	1486
裝飾物	장식물	1486
誤差率	오차율	1486
造幣	조폐	1486
鑑識	감식	1486
附屬物	부속물	1486
雇傭人	고용인	1486
食醯	식혜	1486
麟德曆	인덕력	1486
公僕	공복	1485
冒險的	모험적	1485
嗚呼痛哉	오호통재	1485
寓意	우의	1485
急傾斜	급경사	1485
拍手喝采	박수갈채	1485
無聊	무료	1485
維持費	유지비	1485
貯蓄率	저축률	1485
靈柩車	영구차	1485
飜譯權	번역권	1485
以夷制夷	이이제이	1484
元嘉曆	원가력	1484
寡占	과점	1484
巴豆	파두	1484
幻視	환시	1484
放浪癖	방랑벽	1484
檄文	격문	1484
法緞	법단	1484
淡褐色	담갈색	1484
淪落	윤락	1484
滋養	자양	1484
監視網	감시망	1484
相剋	상극	1484
短靴	단화	1484
竹槍	죽창	1484
總蹶起	총궐기	1484
繁殖期	번식기	1484
脆弱點	취약점	1484
蕩兒	탕아	1484
藥沙鉢	약사발	1484
製菓店	제과점	1484
解熱劑	해열제	1484
貨物艙	화물창	1484
賞牌	상패	1484
起爆劑	기폭제	1484
郵便函	우편함	1484
酷寒	혹한	1484
鋼板	강판	1484
頹落	퇴락	1484
顚末	전말	1484
互換	호환	1483
仲介	중개	1483
佩物	패물	1483
尖塔	첨탑	1483
屈辱	굴욕	1483
巡杯	순배	1483
床奴	상노	1483
廢鑛	폐광	1483
招聘	초빙	1483
昏迷	혼미	1483
曆術	역술	1483
橫帶	횡대	1483
浸染	침염	1483
淚管	누관	1483
湯飯	탕반	1483
獄吏	옥리	1483
盛況裏	성황리	1483
積載	적재	1483
組閣	조각	1483
緊縮	긴축	1483
編著	편저	1483
耐壓	내압	1483
肝腸	간장	1483
胃痛	위통	1483
術策	술책	1483
訴狀	소장	1483
諷刺性	풍자성	1483
貸付	대부	1483
貸株	대주	1483
輪禍	윤화	1483
返納	반납	1483
迷妄	미망	1483
鈍器	둔기	1483
附則	부칙	1483
雜鬼	잡귀	1483
偏頗的	편파적	1482
呵呵大笑	가가대소	1482
嘉禮	가례	1482
堆積物	퇴적물	1482
失墜	실추	1482
廢屑物	폐설물	1482
折衷案	절충안	1482
曠野	광야	1482
殯所	빈소	1482
治盜棍	치도곤	1482
甕城	옹성	1482
眞珠紗	진주사	1482
細胞膜	세포막	1482
綺羅星	기라성	1482
總括的	총괄적	1482
茶菓店	다과점	1482
蜃氣樓	신기루	1482
警備網	경비망	1482
類型的	유형적	1482
魁首	괴수	1482
圓滑	원활	1481
市廛	시전	1481
抹消	말소	1481
搜索隊	수색대	1481
潤滑油	윤활유	1481
禮緞	예단	1481
胎葉	태엽	1481
阿修羅	아수라	1481
懸板	현판	1480
殿閣	전각	1480
治療劑	치료제	1480
血液型	혈액형	1480
諷刺詩	풍자시	1480
追悼辭	추도사	1480
亂刺	난자	1479
傍點	방점	1479
僞幣	위폐	1479
再嫁	재가	1479
卑屬	비속	1479
卓越	탁월	1479
含蓄	함축	1479
墳墓	분묘	1479
寂滅	적멸	1479
審級	심급	1479
峽谷	협곡	1479
底盤	저반	1479
懲罰	징벌	1479
拙稿	졸고	1479
擁壁	옹벽	1479
査閱	사열	1479
檢閱	검열	1479
涉獵	섭렵	1479
潛跡	잠적	1479
督促	독촉	1479
督勵	독려	1479
積弊	적폐	1479
紙榜	지방	1479
肝臟	간장	1479
荒廢	황폐	1479
躁急症	조급증	1479
辨濟	변제	1479
述懷	술회	1479
郵遞	우체	1479
錯雜	착잡	1479
閱覽	열람	1479
雜湯	잡탕	1479
餞送	전송	1479
佾舞	일무	1478
偵察	정찰	1478
恐怖症	공포증	1478
房貰	방세	1478
欠節	흠절	1478
殞感	운감	1478
浮彫	부조	1478
混融	혼융	1478
煽揚	선양	1478
穩健派	온건파	1478
綻露	탄로	1478
舞姬	무희	1478
製菓	제과	1478
運柩	운구	1478
陰莖骨	음경골	1478
腎臟炎	신장염	1477
周鉢	주발	1476
燒却	소각	1476
犧牲的	희생적	1476
筵官	연관	1476
胃酸	위산	1476
試錐	시추	1476
諡號	시호	1476
造詣	조예	1476
億劫	억겁	1475
兼倂	겸병	1475
嘲笑	조소	1475
塗裝	도장	1475
嬌態	교태	1475
寢囊	침낭	1475
巫具	무구	1475
帆船	범선	1475
怠慢	태만	1475
掃蕩	소탕	1475
朗誦	낭송	1475
滯賃	체임	1475
濃淡	농담	1475
獵銃	엽총	1475
紡績機	방적기	1475
芒種	망종	1475
衛戍令	위수령	1475
贈呈	증정	1475
酷評	혹평	1475
鎔鑛爐	용광로	1475
鐵槌	철퇴	1475
雙胎	쌍태	1475
預貸	예대	1475
鹿茸	녹용	1475
黜黨	출당	1475
狙擊犯	저격범	1474
琥珀色	호박색	1474
疏開	소개	1474
洗滌劑	세척제	1473
移牒	이첩	1473
膵臟炎	췌장염	1473
舞蹈	무도	1473
俗諺	속언	1472
剝製	박제	1472
綿纖維	면섬유	1472
脫臼	탈구	1472
陰莖	음경	1472
珍羞盛饌	진수성찬	1471
鍵盤	건반	1471
陪審員	배심원	1471
苛斂誅求	가렴주구	1470
劫奪	겁탈	1469
勘査	감사	1469
宣諭	선유	1469
揀擇	간택	1469
撓折	요절	1469
擬似	의사	1469
杖毒	장독	1469
殘骸	잔해	1469
瀆職	독직	1469
痢疾	이질	1469
羽緞	우단	1469
萌芽	맹아	1469
藻類	조류	1469
逼迫	핍박	1469
窒酸	질산	1467
囊腫	낭종	1466
囹圄	영어	1466
艦砲	함포	1466
阿膠	아교	1466
麒麟	기린	1466
伴侶	반려	1465
拔萃	발췌	1465
搖籃	요람	1465
斡旋	알선	1465
綾織	능직	1465
螺旋	나선	1465
裝塡	장전	1465
魂魄	혼백	1465
唾液腺	타액선	1462
淋巴腺	임파선	1462
撫摩	무마	1461
玩具	완구	1461
粘膜	점막	1461
塹壕	참호	1460
掘鑿	굴착	1460
披瀝	피력	1455
柑橘	감귤	1454
琵琶	비파	1454
聾啞	농아	1454
諧謔	해학	1454
邂逅	해후	1454
刀手	도수	1108
一言之下	일언지하	1103
父子之間	부자지간	1103
十年之計	십년지계	1102
丙子	병자	1101
三尺童子	삼척동자	1100
人倫大事	인륜대사	1100
天下泰平	천하태평	1100
乙未	을미	1099
知己之友	지기지우	1099
草根木皮	초근목피	1099
門下侍中	문하시중	1099
三年喪	삼년상	1098
上衣下裳	상의하상	1098
人生哲學	인생철학	1098
目不忍見	목불인견	1098
天高馬肥	천고마비	1097
立身揚名	입신양명	1097
一刀兩斷	일도양단	1096
九山禪門	구산선문	1096
人工照明	인공조명	1096
居之半	거지반	1096
幼少年	유소년	1096
幾十萬	기십만	1096
雲雨之情	운우지정	1096
一場春夢	일장춘몽	1095
三旬九食	삼순구식	1095
下賜金	하사금	1095
中央銀行	중앙은행	1095
中途金	중도금	1095
內憂外患	내우외환	1095
同時通譯	동시통역	1095
執行者	집행자	1095
外役田	외역전	1095
大姑母	대고모	1095
大洪水	대홍수	1095
天幕生活	천막생활	1095
室內照明	실내조명	1095
小心症	소심증	1095
左側通行	좌측통행	1095
振子時計	진자시계	1095
母巖	모암	1095
金一封	금일봉	1095
上佐平	상좌평	1094
不介入	불개입	1094
名譽心	명예심	1094
國家計劃	국가계획	1094
地方版	지방판	1094
外國換	외국환	1094
左贊成	좌찬성	1094
生地獄	생지옥	1094
異腹同生	이복동생	1094
美人薄命	미인박명	1094
老人丈	노인장	1094
臥牛形	와우형	1094
自由化率	자유화율	1094
貸出者	대출자	1094
超能力	초능력	1094
非同盟國	비동맹국	1094
不履行	불이행	1093
不惑之年	불혹지년	1093
代執行	대집행	1093
初志一貫	초지일관	1093
十王殿	시왕전	1093
哲學家	철학가	1093
士氣衝天	사기충천	1093
天方地軸	천방지축	1093
於中	어중	1093
旣成品	기성품	1093
明倫堂	명륜당	1093
物我一體	물아일체	1093
異腹兄弟	이복형제	1093
百花齊放	백화제방	1093
高嶺土	고령토	1093
一兆	일조	1092
一般法	일반법	1092
乘馬	승마	1092
乾草	건초	1092
人倫	인륜	1092
卽日	즉일	1092
古來稀	고래희	1092
同盟軍	동맹군	1092
吹入	취입	1092
嚴父慈母	엄부자모	1092
執中	집중	1092
壬子	임자	1092
多用途	다용도	1092
大我	대아	1092
大洞契	대동계	1092
天倫	천륜	1092
天壽	천수	1092
小口徑	소구경	1092
小暑	소서	1092
幾千	기천	1092
弔意金	조의금	1092
成長株	성장주	1092
是非之心	시비지심	1092
架空人物	가공인물	1092
浪人	낭인	1092
浮石	부석	1092
淸心丸	청심환	1092
炎天	염천	1092
烏石	오석	1092
無人之境	무인지경	1092
父親喪	부친상	1092
牛耕	우경	1092
狂信者	광신자	1092
玉貫子	옥관자	1092
腹上死	복상사	1092
草烏	초오	1092
莫上莫下	막상막하	1092
菜田	채전	1092
行動半徑	행동반경	1092
補身用	보신용	1092
輸出品	수출품	1092
金剛石	금강석	1092
一瀉千里	일사천리	1091
三從之義	삼종지의	1091
不定詞	부정사	1091
側近者	측근자	1091
凍死者	동사자	1091
千載一遇	천재일우	1091
卿大夫	경대부	1091
合谷	합곡	1091
喪失者	상실자	1091
大宇宙	대우주	1091
宇宙人	우주인	1091
安定株	안정주	1091
平土葬	평토장	1091
思索家	사색가	1091
愛妻家	애처가	1091
時計塔	시계탑	1091
未成熟	미성숙	1091
永久化	영구화	1091
自我意識	자아의식	1091
誕生地	탄생지	1091
超人間的	초인간적	1091
二重奏	이중주	1090
五胡	오호	1090
何時	하시	1090
光電池	광전지	1090
兩眉間	양미간	1090
八角亭	팔각정	1090
六何原則	육하원칙	1090
出捐金	출연금	1090
出産率	출산율	1090
前妻	전처	1090
勇猛心	용맹심	1090
匹夫	필부	1090
卽地	즉지	1090
名弓	명궁	1090
名著	명저	1090
墨家	묵가	1090
夕刊新聞	석간신문	1090
夫妻	부처	1090
女神像	여신상	1090
好事多魔	호사다마	1090
幾萬	기만	1090
後尾	후미	1090
憂國	우국	1090
我國	아국	1090
朝令暮改	조령모개	1090
東洋蘭	동양란	1090
民族衣裳	민족의상	1090
永久不變	영구불변	1090
烏合之卒	오합지졸	1090
無計劃性	무계획성	1090
玉皇上帝	옥황상제	1090
畜産業者	축산업자	1090
白頭翁	백두옹	1090
相互主義	상호주의	1090
童子僧	동자승	1090
童子柱	동자주	1090
耐水性	내수성	1090
耳下腺	이하선	1090
自炊生	자취생	1090
色照明	색조명	1090
苦集滅道	고집멸도	1090
著名	저명	1090
計劃者	계획자	1090
輔國安民	보국안민	1090
七顚八起	칠전팔기	1089
三役	삼역	1089
上昇期	상승기	1089
下策	하책	1089
中唐	중당	1089
中譯	중역	1089
乾食	건식	1089
井間	정간	1089
享年	향년	1089
企業者	기업자	1089
再突入	재돌입	1089
出征	출정	1089
出沒	출몰	1089
出獄	출옥	1089
別入侍	별입시	1089
卜馬	복마	1089
同率	동률	1089
哲人	철인	1089
善後之策	선후지책	1089
囚人	수인	1089
夢想家	몽상가	1089
大綱大綱	대강대강	1089
女卜	여복	1089
孟母三遷	맹모삼천	1089
寬大	관대	1089
小縮尺	소축척	1089
山岳會	산악회	1089
幕下	막하	1089
年輩	연배	1089
廢人	폐인	1089
廢王	폐왕	1089
御用商人	어용상인	1089
成熟度	성숙도	1089
拂下	불하	1089
拂入	불입	1089
振子	진자	1089
日照	일조	1089
曆日	역일	1089
月賦	월부	1089
校閱部	교열부	1089
根本策	근본책	1089
狂人	광인	1089
生捕	생포	1089
生靈	생령	1089
畜生	축생	1089
米壽	미수	1089
脚線美	각선미	1089
自廢	자폐	1089
自薦	자천	1089
苦肉之策	고육지책	1089
變成巖	변성암	1089
贊同	찬동	1089
超時間的	초시간적	1089
軍需品	군수품	1089
農耕民族	농경민족	1089
鐵面皮	철면피	1089
雨後竹筍	우후죽순	1089
高杯	고배	1089
一筆揮之	일필휘지	1088
中緯度	중위도	1088
中間搾取	중간착취	1088
仲買人	중매인	1088
俊兄	준형	1088
俱樂部	구락부	1088
內分泌	내분비	1088
內廷	내정	1088
凍土	동토	1088
北側	북측	1088
半封建	반봉건	1088
國民葬	국민장	1088
土豪	토호	1088
基礎食品	기초식품	1088
寶刀	보도	1088
小乘的	소승적	1088
小僧	소승	1088
小腦	소뇌	1088
小菊	소국	1088
山腹	산복	1088
山菊	산국	1088
左衝右突	좌충우돌	1088
微力	미력	1088
心靈	심령	1088
技巧主義	기교주의	1088
捲土重來	권토중래	1088
東樓	동루	1088
枯木	고목	1088
極樂淨土	극락정토	1088
水族館	수족관	1088
浸水	침수	1088
渡江	도강	1088
熟手	숙수	1088
田租	전조	1088
白畓	백답	1088
祿科田	녹과전	1088
脚氣病	각기병	1088
腹水	복수	1088
草幕	초막	1088
西岸	서안	1088
要塞化	요새화	1088
軟草綠	연초록	1088
軟體動物	연체동물	1088
銘心	명심	1088
雙生兒	쌍생아	1088
雪辱戰	설욕전	1088
電磁氣力	전자기력	1088
鶴首苦待	학수고대	1088
黃梅花	황매화	1088
一旦停止	일단정지	1087
一般論	일반론	1087
一觸卽發	일촉즉발	1087
上樑文	상량문	1087
不撤晝夜	불철주야	1087
不滅	불멸	1087
乘數	승수	1087
乙亥	을해	1087
乙酉	을유	1087
亡兆	망조	1087
亡妻	망처	1087
休眠期	휴면기	1087
休耕	휴경	1087
佳作	가작	1087
佳話	가화	1087
保菌者	보균자	1087
分析表	분석표	1087
卽死	즉사	1087
厭世主義	염세주의	1087
合邦	합방	1087
好喪	호상	1087
密輸業者	밀수업자	1087
實踐家	실천가	1087
實踐者	실천자	1087
幼兒語	유아어	1087
征服者	정복자	1087
忍苦	인고	1087
忙中閑	망중한	1087
恒時的	항시적	1087
愼重性	신중성	1087
慈堂	자당	1087
慣習法	관습법	1087
慶尙道	경상도	1087
憂民	우민	1087
我相	아상	1087
授時曆	수시력	1087
放聲大哭	방성대곡	1087
新右翼	신우익	1087
新左翼	신좌익	1087
日照權	일조권	1087
旭日昇天	욱일승천	1087
暗行御史	암행어사	1087
曾祖	증조	1087
未忘	미망	1087
死産率	사산율	1087
水酸化	수산화	1087
河谷	하곡	1087
浮動	부동	1087
淡黃色	담황색	1087
深成巖	심성암	1087
渴求	갈구	1087
片肉	편육	1087
生麥酒	생맥주	1087
皇室	황실	1087
皇軍	황군	1087
科學館	과학관	1087
篤志家	독지가	1087
計劃性	계획성	1087
語尾	어미	1087
諸元	제원	1087
變化無雙	변화무쌍	1087
超音速	초음속	1087
輸送部	수송부	1087
辛丑年	신축년	1087
連載小說	연재소설	1087
進學率	진학률	1087
遠征軍	원정군	1087
長期囚	장기수	1087
風浪	풍랑	1087
風霜	풍상	1087
騎馬戰	기마전	1087
丈夫	장부	1086
上樑式	상량식	1086
下水溝	하수구	1086
下隷	하례	1086
主掌	주장	1086
佐平	좌평	1086
修了生	수료생	1086
兼用	겸용	1086
出荷量	출하량	1086
前述	전술	1086
卑行	비행	1086
却下	각하	1086
囚衣	수의	1086
國譯	국역	1086
塔身	탑신	1086
墮落相	타락상	1086
大統曆	대통력	1086
天壤之判	천양지판	1086
契長	계장	1086
室內靴	실내화	1086
巡禮者	순례자	1086
巧言	교언	1086
廢車	폐차	1086
後述	후술	1086
徐行	서행	1086
恒常性	항상성	1086
恒星表	항성표	1086
愚問	우문	1086
愚者	우자	1086
抑止力	억지력	1086
挑戰者	도전자	1086
日照量	일조량	1086
明珠	명주	1086
時策	시책	1086
書架	서가	1086
朝冠	조관	1086
朝貢	조공	1086
楊水尺	양수척	1086
水銀劑	수은제	1086
添言	첨언	1086
無免許	무면허	1086
獄事	옥사	1086
獻血者	헌혈자	1086
盟主	맹주	1086
私利私慾	사리사욕	1086
緩行列車	완행열차	1086
老衰	노쇠	1086
耕作權	경작권	1086
菊花科	국화과	1086
萬邦	만방	1086
蓮花	연화	1086
補身	보신	1086
訟事	송사	1086
譯書	역서	1086
譯本	역본	1086
讀者欄	독자란	1086
貪食	탐식	1086
貴賓室	귀빈실	1086
身貢	신공	1086
辭讓之心	사양지심	1086
過猶不及	과유불급	1086
釋明	석명	1086
長策	장책	1086
開催地	개최지	1086
食率	식솔	1086
食祿	식록	1086
食鹽	식염	1086
高緯度	고위도	1086
高齡者	고령자	1086
一粟	일속	1085
一翼	일익	1085
三絃	삼현	1085
上旬	상순	1085
下位圈	하위권	1085
不偏不黨	불편부당	1085
世界舞臺	세계무대	1085
中殿	중전	1085
人絹	인견	1085
仲秋節	중추절	1085
內殿	내전	1085
出奔	출분	1085
勞心焦思	노심초사	1085
北魚脯	북어포	1085
反封建的	반봉건적	1085
名譽博士	명예박사	1085
回憶	회억	1085
大旱	대한	1085
大晟樂	대성악	1085
大衆娛樂	대중오락	1085
失業率	실업률	1085
安全距離	안전거리	1085
安全靴	안전화	1085
完熟期	완숙기	1085
封建性	봉건성	1085
彼此間	피차간	1085
恒溫	항온	1085
收奪者	수탈자	1085
文書函	문서함	1085
旣婚者	기혼자	1085
旭日	욱일	1085
時代錯誤	시대착오	1085
時務策	시무책	1085
永久的	영구적	1085
泰然	태연	1085
淡綠色	담녹색	1085
溺死者	익사자	1085
濕生	습생	1085
炊事場	취사장	1085
無人店鋪	무인점포	1085
無賃乘車	무임승차	1085
煽動家	선동가	1085
獻上	헌상	1085
現地踏査	현지답사	1085
生絹	생견	1085
生體膜	생체막	1085
破竹之勢	파죽지세	1085
空腹感	공복감	1085
紳士道	신사도	1085
編年	편년	1085
臨時的	임시적	1085
自牽	자견	1085
落札者	낙찰자	1085
蒼生	창생	1085
貧血症	빈혈증	1085
貿易業者	무역업자	1085
賀禮客	하례객	1085
連絡兵	연락병	1085
道路網	도로망	1085
閏年	윤년	1085
隔年	격년	1085
隔月	격월	1085
靑出於藍	청출어람	1085
黃酸化物	황산화물	1085
一葉片舟	일엽편주	1084
七旬	칠순	1084
下棺時	하관시	1084
不俱戴天	불구대천	1084
五旬節	오순절	1084
俊才	준재	1084
元妃	원비	1084
八旬	팔순	1084
公役	공역	1084
六鎭	육진	1084
凍太	동태	1084
初唐	초당	1084
劃定	획정	1084
劣等	열등	1084
哀想	애상	1084
外債	외채	1084
天符印	천부인	1084
小爐	소로	1084
屯田	둔전	1084
山塊	산괴	1084
川獵	천렵	1084
幻想主義	환상주의	1084
心懷	심회	1084
怨憎會苦	원증회고	1084
怪力	괴력	1084
拳法	권법	1084
排水	배수	1084
放免	방면	1084
新著	신저	1084
未畢	미필	1084
未詳	미상	1084
杜門	두문	1084
民泊	민박	1084
水溶性	수용성	1084
淵魚	연어	1084
渾然一體	혼연일체	1084
滅門之禍	멸문지화	1084
無恥	무치	1084
煽情主義	선정주의	1084
燒火	소화	1084
甲戌	갑술	1084
男爵	남작	1084
白蛇	백사	1084
相補	상보	1084
石塊	석괴	1084
石臺	석대	1084
神仙爐	신선로	1084
童顔	동안	1084
筆墨	필묵	1084
給排水	급배수	1084
臨戰無退	임전무퇴	1084
覆土	복토	1084
角杯	각배	1084
諸位	제위	1084
諸惡	제악	1084
豪民	호민	1084
豪言壯談	호언장담	1084
賀禮	하례	1084
足湯	족탕	1084
軍司	군사	1084
迷信的	미신적	1084
違法性	위법성	1084
遺腹子	유복자	1084
醉生夢死	취생몽사	1084
醜惡相	추악상	1084
野外舞臺	야외무대	1084
長木廛	장목전	1084
陵幸	능행	1084
鬱火病	울화병	1084
鼻炎	비염	1084
齊民	제민	1084
丁酉再亂	정유재란	1083
交通巡警	교통순경	1083
代役	대역	1083
凍死	동사	1083
分泌物	분비물	1083
劣弱	열약	1083
卽席料理	즉석요리	1083
品詞	품사	1083
多産型	다산형	1083
大赦令	대사령	1083
完熟	완숙	1083
就學率	취학률	1083
屋蓋石	옥개석	1083
平均値	평균치	1083
弱冠	약관	1083
微動	미동	1083
思索的	사색적	1083
恥毛	치모	1083
憎惡感	증오감	1083
接觸面	접촉면	1083
敗血症	패혈증	1083
於焉間	어언간	1083
景品付	경품부	1083
曾孫婦	증손부	1083
枯死	고사	1083
架空的	가공적	1083
植付	식부	1083
死滅	사멸	1083
毛冠	모관	1083
沙場	사장	1083
洪福	홍복	1083
漁獲物	어획물	1083
濁流	탁류	1083
玉稿	옥고	1083
現像	현상	1083
留學僧	유학승	1083
疾風	질풍	1083
盟休	맹휴	1083
碧流	벽류	1083
禍福	화복	1083
禪家	선가	1083
租借地	조차지	1083
稀貴種	희귀종	1083
羞惡之心	수오지심	1083
義捐金	의연금	1083
職業倫理	직업윤리	1083
肉慾	육욕	1083
色彩感	색채감	1083
色盲	색맹	1083
茶飯事	다반사	1083
衆寡不敵	중과부적	1083
衰落	쇠락	1083
記述的	기술적	1083
訴求	소구	1083
諸侯國	제후국	1083
貴賤	귀천	1083
貿易國	무역국	1083
購讀者	구독자	1083
路需	노수	1083
踏步	답보	1083
辛亥革命	신해혁명	1083
述語	술어	1083
連坐示威	연좌시위	1083
連累者	연루자	1083
雙曲線	쌍곡선	1083
雲霧	운무	1083
電影	전영	1083
音韻	음운	1083
頭央線	두앙선	1083
風伯	풍백	1083
食困症	식곤증	1083
驛村	역촌	1083
鹽化	염화	1083
黃昏期	황혼기	1083
鼓動	고동	1083
一般職	일반직	1082
三顧草廬	삼고초려	1082
主帥	주수	1082
乘車券	승차권	1082
九重宮闕	구중궁궐	1082
五層塔	오층탑	1082
人民俳優	인민배우	1082
仲介人	중개인	1082
仲裁人	중재인	1082
何首烏	하수오	1082
來襲	내습	1082
倭國	왜국	1082
光輝	광휘	1082
凍土帶	동토대	1082
凝結體	응결체	1082
加露林灣	가로림만	1082
半幅	반폭	1082
半睡	반수	1082
參謀部	참모부	1082
參謀長	참모장	1082
反撥心	반발심	1082
口述試驗	구술시험	1082
唐四柱	당사주	1082
單于	선우	1082
國魂	국혼	1082
壞血病	괴혈병	1082
夏扇冬曆	하선동력	1082
多收穫	다수확	1082
大司憲	대사헌	1082
大腸菌	대장균	1082
娛樂性	오락성	1082
娛樂會	오락회	1082
安葬	안장	1082
宋學	송학	1082
宋朝	송조	1082
尙服	상복	1082
展示臺	전시대	1082
患難相恤	환난상휼	1082
懇親會	간친회	1082
抄本	초본	1082
抽象主義	추상주의	1082
拂入額	불입액	1082
拍掌大笑	박장대소	1082
擁立	옹립	1082
收穫高	수확고	1082
暗紫色	암자색	1082
木刻像	목각상	1082
橫壓力	횡압력	1082
殉國	순국	1082
水源池	수원지	1082
泰斗	태두	1082
津草綠	진초록	1082
漸高	점고	1082
狂信徒	광신도	1082
矮小化	왜소화	1082
破天荒	파천황	1082
祈雨祭	기우제	1082
紛失物	분실물	1082
結晶體	결정체	1082
老醜	노추	1082
腐敗相	부패상	1082
花蛇	화사	1082
芳名	방명	1082
莊處田	장처전	1082
藏書	장서	1082
衝擊力	충격력	1082
貸付金	대부금	1082
賃借人	임차인	1082
車幅	차폭	1082
遞信	체신	1082
鍊金術	연금술	1082
間奏	간주	1082
雜賦金	잡부금	1082
零時	영시	1082
駐在所	주재소	1082
驛區內	역구내	1082
高燭	고촉	1082
黑紫色	흑자색	1082
上弦	상현	1081
下弦	하현	1081
二壘打	이루타	1081
享樂的	향락적	1081
仲介者	중개자	1081
僑民會	교민회	1081
冠禮	관례	1081
分析器	분석기	1081
劣位	열위	1081
劣性	열성	1081
助役	조역	1081
勸善懲惡	권선징악	1081
印刷所	인쇄소	1081
卽決	즉결	1081
合格率	합격률	1081
名譽慾	명예욕	1081
吟味	음미	1081
唐樂	당악	1081
噴出物	분출물	1081
圓熟性	원숙성	1081
多胎兒	다태아	1081
官僚意識	관료의식	1081
官尊民卑	관존민비	1081
宴會席	연회석	1081
寒露	한로	1081
巨像	거상	1081
巨獸	거수	1081
急斜面	급사면	1081
恩賜	은사	1081
情慾	정욕	1081
感泣	감읍	1081
戀情	연정	1081
戰役	전역	1081
改曆	개력	1081
政商輩	정상배	1081
政綱	정강	1081
敎述詩	교술시	1081
新版	신판	1081
時憲曆	시헌력	1081
曲率	곡률	1081
有耶無耶	유야무야	1081
染病	염병	1081
氣穴	기혈	1081
油井	유정	1081
油菜	유채	1081
治療室	치료실	1081
活版	활판	1081
浩然	호연	1081
浮動票	부동표	1081
添加	첨가	1081
滅失	멸실	1081
滋養分	자양분	1081
無我境	무아경	1081
物像	물상	1081
物役	물역	1081
甕城門	옹성문	1081
疑問詞	의문사	1081
皮骨	피골	1081
祝賀客	축하객	1081
終幕	종막	1081
結付	결부	1081
統治輩	통치배	1081
縫合線	봉합선	1081
署理	서리	1081
藝文館	예문관	1081
藥封紙	약봉지	1081
血糖	혈당	1081
親熟	친숙	1081
貢物	공물	1081
貧賤	빈천	1081
農幕	농막	1081
追徵金	추징금	1081
野獸的	야수적	1081
雙頭	쌍두	1081
雜役夫	잡역부	1081
電磁氣	전자기	1081
震源地	진원지	1081
非妥協的	비타협적	1081
頭像	두상	1081
頭緖	두서	1081
顚末書	전말서	1081
風采	풍채	1081
體裁	체재	1081
鳥獸	조수	1081
黃禍	황화	1081
黃禍論	황화론	1081
黃菊	황국	1081
一列橫隊	일렬횡대	1080
三崔	삼최	1080
中粒	중립	1080
乾燥地	건조지	1080
二壘	이루	1080
交換員	교환원	1080
仲裁者	중재자	1080
內膜	내막	1080
分布圈	분포권	1080
北傀	북괴	1080
半沙漠	반사막	1080
右輔	우보	1080
唐三彩	당삼채	1080
唯識論	유식론	1080
回龍顧祖	회룡고조	1080
壘上	누상	1080
大輔	대보	1080
大鍼	대침	1080
大鵬	대붕	1080
天稟	천품	1080
審美眼	심미안	1080
小型船	소형선	1080
山峽	산협	1080
巡幸	순행	1080
左輔	좌보	1080
常設館	상설관	1080
廣濟蒼生	광제창생	1080
微分器	미분기	1080
悠悠自適	유유자적	1080
懷疑主義	회의주의	1080
拒食症	거식증	1080
握力	악력	1080
操縱者	조종자	1080
旌門	정문	1080
日傭	일용	1080
木彫	목조	1080
案內孃	안내양	1080
母型	모형	1080
比較表	비교표	1080
水魔	수마	1080
沃度丁幾	옥도정기	1080
河跡湖	하적호	1080
火魔	화마	1080
無賃	무임	1080
無邪	무사	1080
玉簪花	옥잠화	1080
生汁	생즙	1080
申申當付	신신당부	1080
白茅	백모	1080
白鷺	백로	1080
簿記	부기	1080
編著者	편저자	1080
胎內	태내	1080
自己欺瞞	자기기만	1080
草笠	초립	1080
蕩女	탕녀	1080
蕩子	탕자	1080
西洋紗	서양사	1080
覆面	복면	1080
貯藏法	저장법	1080
超高壓	초고압	1080
酸性度	산성도	1080
金型	금형	1080
金牌	금패	1080
防腐性	방부성	1080
陰謀家	음모가	1080
鞍馬	안마	1080
養豚業	양돈업	1080
魔王	마왕	1080
下級審	하급심	1079
乘務	승무	1079
他我	타아	1079
倒置法	도치법	1079
倭式	왜식	1079
假釋放	가석방	1079
全幅	전폭	1079
全燒	전소	1079
公訴狀	공소장	1079
再生廠	재생창	1079
十杖歌	십장가	1079
午睡	오수	1079
南倭北虜	남왜북로	1079
原綿	원면	1079
友誼的	우의적	1079
名譽退職	명예퇴직	1079
喪章	상장	1079
圓熟期	원숙기	1079
執典	집전	1079
塗色	도색	1079
大胸筋	대흉근	1079
奔流	분류	1079
孵化場	부화장	1079
定冠詞	정관사	1079
家屋臺帳	가옥대장	1079
層層侍下	층층시하	1079
崩落	붕락	1079
忍耐性	인내성	1079
思顧	사고	1079
手術臺	수술대	1079
抱接	포접	1079
抽象化	추상화	1079
排他性	배타성	1079
播種期	파종기	1079
果菜類	과채류	1079
橋脚	교각	1079
機械語	기계어	1079
殺人魔	살인마	1079
永訣式	영결식	1079
沒常識	몰상식	1079
測定値	측정치	1079
潤色	윤색	1079
燒死	소사	1079
畸形化	기형화	1079
紫木蓮	자목련	1079
細形銅劍	세형동검	1079
總參謀長	총참모장	1079
聯邦軍	연방군	1079
肉垂	육수	1079
肉薄	육박	1079
胃下垂	위하수	1079
色狂症	색광증	1079
蓋然的	개연적	1079
薰風	훈풍	1079
虛僞性	허위성	1079
蛇床子	사상자	1079
蜜語	밀어	1079
製鋼所	제강소	1079
調理臺	조리대	1079
論著	논저	1079
謀反	모반	1079
販賣店	판매점	1079
賦役場	부역장	1079
路幅	노폭	1079
輸送船	수송선	1079
輸送量	수송량	1079
近似値	근사치	1079
追憶談	추억담	1079
追擊戰	추격전	1079
酵母	효모	1079
酸水素	산수소	1079
銀盤	은반	1079
鋪裝道路	포장도로	1079
鎔接工	용접공	1079
鐵道網	철도망	1079
高氣壓圈	고기압권	1079
不汗黨	불한당	1078
僞造罪	위조죄	1078
僻地	벽지	1078
優勝劣敗	우승열패	1078
再臨	재림	1078
冒險家	모험가	1078
冠服	관복	1078
冥想的	명상적	1078
取捨	취사	1078
名匠	명장	1078
問診	문진	1078
單幕	단막	1078
地軸	지축	1078
墨香	묵향	1078
多軸	다축	1078
夜叉	야차	1078
大殲滅戰	대섬멸전	1078
奪取	탈취	1078
學帽	학모	1078
安岐	안기	1078
寄贈者	기증자	1078
寒症	한증	1078
尙早	상조	1078
度量衡	도량형	1078
弔客	조객	1078
御賜花	어사화	1078
微服	미복	1078
忌服	기복	1078
悲戀	비련	1078
意匠權	의장권	1078
戀歌	연가	1078
換算	환산	1078
放送網	방송망	1078
敬畏	경외	1078
文藝欄	문예란	1078
暗幕	암막	1078
暗躍	암약	1078
替費地	체비지	1078
服役	복역	1078
枝葉	지엽	1078
橫線	횡선	1078
橫財	횡재	1078
沿岸國	연안국	1078
滅私	멸사	1078
片巖	편암	1078
畏敬	외경	1078
當惑	당혹	1078
盲兒	맹아	1078
短劍	단검	1078
碩學	석학	1078
祝杯	축배	1078
突起	돌기	1078
精力劑	정력제	1078
縫合	봉합	1078
衝擊式	충격식	1078
諜者	첩자	1078
貯藏性	저장성	1078
賦存	부존	1078
赴任地	부임지	1078
轉役式	전역식	1078
送稿	송고	1078
透視	투시	1078
逐客	축객	1078
連繫性	연계성	1078
面從腹背	면종복배	1078
類似品	유사품	1078
顯忠塔	현충탑	1078
飜譯家	번역가	1078
馬糞紙	마분지	1078
黑幕	흑막	1078
鼎立	정립	1078
交換臺	교환대	1077
偕老	해로	1077
再闡明	재천명	1077
凝血	응혈	1077
加飾	가식	1077
哀傷的	애상적	1077
嗜好物	기호물	1077
回附	회부	1077
回顧	회고	1077
國際舞臺	국제무대	1077
圖謀	도모	1077
基礎化粧	기초화장	1077
妥協案	타협안	1077
學齡	학령	1077
宿泊料	숙박료	1077
尿道炎	요도염	1077
巨晶	거정	1077
惻隱之心	측은지심	1077
懲治	징치	1077
扶養費	부양비	1077
技巧派	기교파	1077
挺身	정신	1077
排氣	배기	1077
攝政	섭정	1077
收穫期	수확기	1077
改替	개체	1077
放漫	방만	1077
放蕩兒	방탕아	1077
整齊性	정제성	1077
架橋的	가교적	1077
水密扉	수밀비	1077
沙羅樹	사라수	1077
海峽	해협	1077
滄海	창해	1077
滑空比	활공비	1077
瀑布水	폭포수	1077
炭酸水	탄산수	1077
煽動的	선동적	1077
爵位	작위	1077
猛活躍	맹활약	1077
獨裁的	독재적	1077
獻物	헌물	1077
瑞雪	서설	1077
疫病	역병	1077
發汗	발한	1077
直昇機	직승기	1077
祝賀酒	축하주	1077
筆跡	필적	1077
篤志	독지	1077
粉靑沙器	분청사기	1077
紳士的	신사적	1077
編曲	편곡	1077
縫製工	봉제공	1077
老齡	노령	1077
肺血管	폐혈관	1077
腦病院	뇌병원	1077
蓋然	개연	1077
蓮花臺	연화대	1077
薄待	박대	1077
街路網	가로망	1077
補助員	보조원	1077
贖罪羊	속죄양	1077
走狗	주구	1077
辛未洋擾	신미양요	1077
逝去	서거	1077
連絡船	연락선	1077
過怠料	과태료	1077
邪敎	사교	1077
醜惡	추악	1077
醜聞	추문	1077
野獸派	야수파	1077
鎔巖流	용암류	1077
鑄物	주물	1077
雙發機	쌍발기	1077
非違	비위	1077
黃狗	황구	1077
丙寅洋擾	병인양요	1076
佛塔	불탑	1076
克復	극복	1076
凶兆	흉조	1076
副元帥	부원수	1076
叛亂軍	반란군	1076
吸入劑	흡입제	1076
奸計	간계	1076
子宮癌	자궁암	1076
孤軍奮鬪	고군분투	1076
嶺布	영포	1076
巡視船	순시선	1076
幾何	기하	1076
抵當	저당	1076
接尾辭	접미사	1076
敎藏都監	교장도감	1076
査閱式	사열식	1076
泰山峻嶺	태산준령	1076
獅子座	사자좌	1076
理念型	이념형	1076
生亢羅	생항라	1076
癸丑	계축	1076
登錄簿	등록부	1076
翰林院	한림원	1076
肺動脈	폐동맥	1076
諜報戰	첩보전	1076
象牙色	상아색	1076
貴賓館	귀빈관	1076
賂物罪	뇌물죄	1076
逢着	봉착	1076
預金額	예금액	1076
飜譯文	번역문	1076
三枝槍	삼지창	1075
乾燥期	건조기	1075
亞歲	아세	1075
交叉點	교차점	1075
他薦	타천	1075
傍觀的	방관적	1075
元型	원형	1075
公翰	공한	1075
再奪還	재탈환	1075
冷媒	냉매	1075
冷淡	냉담	1075
初診	초진	1075
到付	도부	1075
動哨	동초	1075
勿驚	물경	1075
包括者	포괄자	1075
化膿	화농	1075
協贊	협찬	1075
哀怨	애원	1075
哺乳動物	포유동물	1075
喜壽	희수	1075
因襲的	인습적	1075
圓塔	원탑	1075
圓熟	원숙	1075
坪數	평수	1075
城役	성역	1075
城館	성관	1075
執杖使令	집장사령	1075
奇巖絶壁	기암절벽	1075
姑婦	고부	1075
威脅調	위협조	1075
官桂	관계	1075
定型	정형	1075
對潛	대잠	1075
尖端的	첨단적	1075
尼斯今	이사금	1075
尾燈	미등	1075
尾骨	미골	1075
尿意	요의	1075
巖柱	암주	1075
引揚機	인양기	1075
引換	인환	1075
弗化	불화	1075
快晴	쾌청	1075
急募	급모	1075
惰性的	타성적	1075
拔本塞源	발본색원	1075
拘引	구인	1075
排佛論	배불론	1075
推仰	추앙	1075
斥佛論	척불론	1075
斥候兵	척후병	1075
早漏	조루	1075
早熟	조숙	1075
昏絶	혼절	1075
暴暑	폭서	1075
椎間板	추간판	1075
槪觀	개관	1075
歸臥	귀와	1075
沐浴場	목욕장	1075
沖積世	충적세	1075
沖積地	충적지	1075
油彩	유채	1075
沼澤地	소택지	1075
淨潔	정결	1075
渡船	도선	1075
演武館	연무관	1075
潛商	잠상	1075
烏骨鷄	오골계	1075
熱症	열증	1075
生紬	생주	1075
異彩	이채	1075
疊疊山中	첩첩산중	1075
着色劑	착색제	1075
祝賀團	축하단	1075
稿料	고료	1075
究竟	구경	1075
突變	돌변	1075
紅顔	홍안	1075
經穴	경혈	1075
緊張味	긴장미	1075
緊迫感	긴박감	1075
縱的	종적	1075
翌日	익일	1075
肺經	폐경	1075
色魔	색마	1075
英雄譚	영웅담	1075
茂盛	무성	1075
處方箋	처방전	1075
號哭	호곡	1075
融通	융통	1075
蠶室	잠실	1075
被征服	피정복	1075
補選	보선	1075
詠詩	영시	1075
詳細	상세	1075
誓願	서원	1075
誘因	유인	1075
誣告	무고	1075
諸賢	제현	1075
貿易船	무역선	1075
賢妻	현처	1075
起訴狀	기소장	1075
跋文	발문	1075
輸送機	수송기	1075
追悼式	추도식	1075
通婚圈	통혼권	1075
連署	연서	1075
連載	연재	1075
進退維谷	진퇴유곡	1075
遺墨	유묵	1075
郵便換	우편환	1075
錦典	금전	1075
關契	관계	1075
陳列窓	진열창	1075
雙葉	쌍엽	1075
霜降	상강	1075
非夢似夢	비몽사몽	1075
風扇	풍선	1075
飯酒	반주	1075
餘震	여진	1075
鹽基	염기	1075
三頭膊筋	삼두박근	1074
下棺	하관	1074
五伎	오기	1074
低賃	저임	1074
偏頭痛	편두통	1074
催淚性	최루성	1074
再湯	재탕	1074
冒險性	모험성	1074
冥想錄	명상록	1074
功蔭田柴	공음전시	1074
北麓	북록	1074
南麓	남록	1074
厄運	액운	1074
含蓄性	함축성	1074
基盤巖	기반암	1074
大戟	대극	1074
徹底性	철저성	1074
感慨	감개	1074
抱腹絶倒	포복절도	1074
拱手	공수	1074
按手	안수	1074
挑戰狀	도전장	1074
改訂版	개정판	1074
斜視	사시	1074
斷頭臺	단두대	1074
暗葬	암장	1074
武裝蜂起	무장봉기	1074
水紬	수주	1074
深謀遠慮	심모원려	1074
火燈盞	화등잔	1074
燒却場	소각장	1074
當選圈	당선권	1074
瞳子	동자	1074
穢土	예토	1074
簇子	족자	1074
粘土	점토	1074
純白瓷	순백자	1074
累進制	누진제	1074
結核菌	결핵균	1074
編輯人	편집인	1074
耳聾	이롱	1074
臨機應變	임기응변	1074
自嘲	자조	1074
草芥	초개	1074
蒐集商	수집상	1074
蒙昧主義	몽매주의	1074
超硬度	초경도	1074
轎子	교자	1074
連鎖店	연쇄점	1074
運賃	운임	1074
過剩保護	과잉보호	1074
違憲性	위헌성	1074
遙拜	요배	1074
邸下	저하	1074
酸味料	산미료	1074
金箔	금박	1074
防濕	방습	1074
隕石	운석	1074
養豚	양돈	1074
仲介料	중개료	1073
使喚	사환	1073
傳導率	전도율	1073
喉頭炎	후두염	1073
壅固執	옹고집	1073
壯版房	장판방	1073
小柴胡湯	소시호탕	1073
履修	이수	1073
批准書	비준서	1073
披針形	피침형	1073
抵抗線	저항선	1073
拘留刑	구류형	1073
振興策	진흥책	1073
接觸點	접촉점	1073
揚貨機	양화기	1073
收穫祭	수확제	1073
救濟策	구제책	1073
早漏症	조루증	1073
榮枯盛衰	영고성쇠	1073
武弁	무변	1073
毁傷	훼상	1073
沈滯期	침체기	1073
渾天儀	혼천의	1073
祈禱文	기도문	1073
究竟覺	구경각	1073
窒息死	질식사	1073
結膜炎	결막염	1073
絞首刑	교수형	1073
緩斜面	완사면	1073
聖誕節	성탄절	1073
茶酒煎子	찻주전자	1073
蘇房典	소방전	1073
衛正斥邪	위정척사	1073
角膜炎	각막염	1073
誘惑的	유혹적	1073
貪慾的	탐욕적	1073
賦存資源	부존자원	1073
購販場	구판장	1073
超特級	초특급	1073
趣旨文	취지문	1073
軒軒丈夫	헌헌장부	1073
逐條的	축조적	1073
避雷針	피뢰침	1073
酷使	혹사	1073
長距離砲	장거리포	1073
附帶設備	부대설비	1073
降神巫	강신무	1073
雙寡婦	쌍과부	1073
饗宴場	향연장	1073
亂倫	난륜	1072
侍從	시종	1072
健脚	건각	1072
僞證	위증	1072
兜率天	도솔천	1072
兵站	병참	1072
再審査	재심사	1072
冒險談	모험담	1072
刑吏	형리	1072
刑獄	형옥	1072
別巡檢	별순검	1072
割麥	할맥	1072
勅書	칙서	1072
咬合	교합	1072
嗚呼哀哉	오호애재	1072
嘲名	조명	1072
囚徒	수도	1072
土壙墓	토광묘	1072
坦坦大路	탄탄대로	1072
壓麥	압맥	1072
壬亂	임란	1072
壯途	장도	1072
夢遊	몽유	1072
妖物	요물	1072
宣揚	선양	1072
尙宮	상궁	1072
建坪	건평	1072
後斂	후렴	1072
微妙	미묘	1072
忍辱	인욕	1072
情誼	정의	1072
愚衆	우중	1072
應募	응모	1072
應諾	응낙	1072
戰艦	전함	1072
手顫症	수전증	1072
托葉	탁엽	1072
抑佛	억불	1072
投企	투기	1072
拘留	구류	1072
排佛	배불	1072
推進劑	추진제	1072
換刑	환형	1072
操舵手	조타수	1072
敎唆	교사	1072
斷乎	단호	1072
昏困	혼곤	1072
晩唐	만당	1072
晩覺	만각	1072
朱錫	주석	1072
核雨傘	핵우산	1072
椎體	추체	1072
樹脂	수지	1072
橫波	횡파	1072
此岸	차안	1072
殘忍	잔인	1072
殞命	운명	1072
氣泡	기포	1072
氣稟	기품	1072
水甁座	수병좌	1072
泣訴	읍소	1072
猛虎	맹호	1072
玄妙	현묘	1072
玄麥	현맥	1072
甘遂	감수	1072
病巢	병소	1072
皇宮	황궁	1072
盛唐	성당	1072
盛衰	성쇠	1072
監視臺	감시대	1072
着冠	착관	1072
破裂	파열	1072
社說欄	사설란	1072
神託	신탁	1072
穀靈	곡령	1072
立錐	입추	1072
竝列	병렬	1072
箴言	잠언	1072
絹布	견포	1072
緩衝期	완충기	1072
繁昌	번창	1072
繁華	번화	1072
聖靈	성령	1072
脫獄	탈옥	1072
腹直筋	복직근	1072
舊館	구관	1072
虛症	허증	1072
裂片	열편	1072
製鋼	제강	1072
解夢	해몽	1072
詳議	상의	1072
講述	강술	1072
貢稅	공세	1072
貰物	세물	1072
賓貢科	빈공과	1072
賦與	부여	1072
賻儀金	부의금	1072
走壘	주루	1072
農蠶	농잠	1072
追薦	추천	1072
退役	퇴역	1072
逆症	역증	1072
適役	적역	1072
還俗	환속	1072
邪念	사념	1072
酒宴	주연	1072
野蠻	야만	1072
銜字	함자	1072
閉幕	폐막	1072
降臨	강림	1072
陰影	음영	1072
雲紋大緞	운문대단	1072
靜逸	정일	1072
類人猿	유인원	1072
駐英	주영	1072
驛馬煞	역마살	1072
高捧	고봉	1072
鼓舞	고무	1072
鼠生員	서생원	1072
倭船	왜선	1071
傳遞	전체	1071
光芒	광망	1071
冷湯	냉탕	1071
判尹	판윤	1071
削髮爲僧	삭발위승	1071
半甁	반병	1071
危殆	위태	1071
司祭職	사제직	1071
商魂	상혼	1071
官爵	관작	1071
廣軌	광궤	1071
急滯	급체	1071
探索機	탐색기	1071
換差益	환차익	1071
收藏	수장	1071
文質彬彬	문질빈빈	1071
旅館費	여관비	1071
旱害	한해	1071
朝霞錦	조하금	1071
模型圖	모형도	1071
殘酷性	잔혹성	1071
每秒	매초	1071
沙礫地	사력지	1071
漂典	표전	1071
濕潤性	습윤성	1071
燐光	인광	1071
牽引	견인	1071
獨奏	독주	1071
獵官	엽관	1071
疑妻症	의처증	1071
疾風怒濤	질풍노도	1071
皮膚炎	피부염	1071
禪宗	선종	1071
絲綿	사면	1071
絹絲	견사	1071
緩急	완급	1071
老軀	노구	1071
肩章	견장	1071
脫獄囚	탈옥수	1071
臀部	둔부	1071
船醉	선취	1071
花甁	화병	1071
虛飢症	허기증	1071
衝擊波	충격파	1071
變奏	변주	1071
變怪	변괴	1071
醫療的	의료적	1071
釜關	부관	1071
鎭魂曲	진혼곡	1071
隱遁者	은둔자	1071
雙眼鏡	쌍안경	1071
類型性	유형성	1071
首鍊匠	수련장	1071
香爐	향로	1071
香薰	향훈	1071
鬼哭聲	귀곡성	1071
龍虎相搏	용호상박	1071
丞相	승상	1070
企劃局	기획국	1070
冕服	면복	1070
協奏團	협주단	1070
叛亂罪	반란죄	1070
含蓄的	함축적	1070
喚起	환기	1070
娑婆世界	사바세계	1070
官僚輩	관료배	1070
師傅	사부	1070
師巫	사무	1070
延滯料	연체료	1070
掠奪的	약탈적	1070
毛紡績	모방적	1070
租庸調	조용조	1070
竊盜罪	절도죄	1070
糖衣錠	당의정	1070
肝硬變症	간경변증	1070
胡亂	호란	1070
表彰狀	표창장	1070
託送	탁송	1070
詐欺的	사기적	1070
試驗臺	시험대	1070
貪官汚吏	탐관오리	1070
貯藏庫	저장고	1070
逮捕罪	체포죄	1070
進駐	진주	1070
飜案劇	번안극	1070
剪定	전정	1069
創刊辭	창간사	1069
司牧	사목	1069
周池	주지	1069
啓導	계도	1069
墓碑銘	묘비명	1069
嫡室	적실	1069
孵化器	부화기	1069
孵化率	부화율	1069
宦路	환로	1069
幻滅感	환멸감	1069
應急措置	응급조치	1069
懶怠心	나태심	1069
換喩法	환유법	1069
斃死	폐사	1069
昇壓器	승압기	1069
暗礁	암초	1069
核磁氣	핵자기	1069
橘色	귤색	1069
氷菓	빙과	1069
永劫	영겁	1069
沈沒	침몰	1069
法臘	법랍	1069
波瀾曲折	파란곡절	1069
洗淨劑	세정제	1069
瀕死	빈사	1069
燎原	요원	1069
玉甁	옥병	1069
療養院	요양원	1069
白葡萄酒	백포도주	1069
皇后	황후	1069
監司	감사	1069
突擊隊	돌격대	1069
筒形	통형	1069
累卵	누란	1069
綠汁	녹즙	1069
線描	선묘	1069
翡色	비색	1069
聖殿	성전	1069
茶褐色	다갈색	1069
蒐集狂	수집광	1069
藥劑	약제	1069
蠢動	준동	1069
被壓迫	피압박	1069
補缺	보결	1069
謙辭	겸사	1069
販賣網	판매망	1069
貸付係	대부계	1069
軸線	축선	1069
輪廻說	윤회설	1069
轎軍	교군	1069
運搬費	운반비	1069
銀箔	은박	1069
防蝕	방식	1069
集塵機	집진기	1069
風磬	풍경	1069
仲裁院	중재원	1068
伯仲	백중	1068
伴侶者	반려자	1068
供覽	공람	1068
假飾	가식	1068
冠詞	관사	1068
切迫	절박	1068
割腹	할복	1068
叔姪	숙질	1068
坐禪	좌선	1068
埋伏	매복	1068
執銃	집총	1068
壓倒	압도	1068
奪還	탈환	1068
宣誓	선서	1068
宮廷	궁정	1068
審判臺	심판대	1068
寶劍	보검	1068
寶珠	보주	1068
專橫	전횡	1068
徵稅	징세	1068
愚弄	우롱	1068
慰靈	위령	1068
戀慕	연모	1068
投稿欄	투고란	1068
抗酸化劑	항산화제	1068
折衝	절충	1068
拙著	졸저	1068
捕廳	포청	1068
播遷	파천	1068
操縱術	조종술	1068
擔架	담가	1068
斥邪論	척사론	1068
智愚	지우	1068
某處	모처	1068
柱聯	주련	1068
梅毒	매독	1068
模範囚	모범수	1068
殘響	잔향	1068
沈澱物	침전물	1068
派越	파월	1068
添削	첨삭	1068
渡唐	도당	1068
漸移	점이	1068
照査	조사	1068
煩雜	번잡	1068
營倉	영창	1068
犧牲精神	희생정신	1068
略述	약술	1068
盟員	맹원	1068
盲腸	맹장	1068
破廉恥犯	파렴치범	1068
硬貨	경화	1068
碑銘	비명	1068
禍機	화기	1068
糖類	당류	1068
絞首臺	교수대	1068
編輯物	편집물	1068
縱橫	종횡	1068
縱隊	종대	1068
總販	총판	1068
續編	속편	1068
羽狀	우상	1068
聖誕	성탄	1068
胃壁	위벽	1068
胃臟炎	위장염	1068
膨脹主義	팽창주의	1068
興味津津	흥미진진	1068
舞臺劇	무대극	1068
莊嚴	장엄	1068
蓮座	연좌	1068
衝激	충격	1068
被擊	피격	1068
複製版	복제판	1068
討索	토색	1068
評釋	평석	1068
謀免	모면	1068
謀議	모의	1068
警策	경책	1068
豚舍	돈사	1068
豪傑	호걸	1068
負荷	부하	1068
貢租	공조	1068
賃貸借	임대차	1068
超黨	초당	1068
迷夢	미몽	1068
追敍	추서	1068
退藏	퇴장	1068
銳敏	예민	1068
銳智	예지	1068
鋼管	강관	1068
雜菌	잡균	1068
雷管	뇌관	1068
驅除	구제	1068
鬼畜	귀축	1068
俄然	아연	1067
傀儡軍	괴뢰군	1067
傳貰機	전세기	1067
判型	판형	1067
勅使	칙사	1067
勘放	감방	1067
吉祥紗	길상사	1067
啞然	아연	1067
報勳	보훈	1067
寓居	우거	1067
寵愛	총애	1067
度牒	도첩	1067
廣域圈	광역권	1067
彈劾權	탄핵권	1067
循環系	순환계	1067
徽章	휘장	1067
抵抗器	저항기	1067
接觸劑	접촉제	1067
揖禮	읍례	1067
攄得	터득	1067
救恤	구휼	1067
殺蟲劑	살충제	1067
比丘尼	비구니	1067
消毒劑	소독제	1067
消耗量	소모량	1067
減俸	감봉	1067
瀆神	독신	1067
特赦	특사	1067
産婆役	산파역	1067
眩氣	현기	1067
神機箭	신기전	1067
胡蝶夢	호접몽	1067
葛布	갈포	1067
號牌	호패	1067
論駁	논박	1067
譚詩	담시	1067
貢洋紗	공양사	1067
迂廻路	우회로	1067
醫療器	의료기	1067
醫療團	의료단	1067
鎔接器	용접기	1067
阿含經	아함경	1067
陪臣	배신	1067
陶醉的	도취적	1067
首魁	수괴	1067
駐佛	주불	1067
勃發	발발	1066
右腕	우완	1066
吉卦	길괘	1066
商圈	상권	1066
基軸	기축	1066
妖婦	요부	1066
密旨	밀지	1066
層層臺	층층대	1066
循環器	순환기	1066
換骨奪胎	환골탈태	1066
操縱臺	조종대	1066
曝陽	폭양	1066
木鼈	목별	1066
檢査臺	검사대	1066
派遣隊	파견대	1066
湖沼	호소	1066
滯納額	체납액	1066
激勵辭	격려사	1066
灼熱	작열	1066
狐假虎威	호가호위	1066
産婆	산파	1066
癌的	암적	1066
發疹	발진	1066
督促狀	독촉장	1066
窯業	요업	1066
竊盜犯	절도범	1066
純粹詩	순수시	1066
紫褐色	자갈색	1066
結縛	결박	1066
統括	통괄	1066
肇業	조업	1066
脂質	지질	1066
艦船	함선	1066
艶聞	염문	1066
葉柄	엽병	1066
葉腋	엽액	1066
複寫版	복사판	1066
襟度	금도	1066
象牙塔	상아탑	1066
鎭壓策	진압책	1066
鐵帽	철모	1066
闕席	궐석	1066
飜譯劇	번역극	1066
假埋葬	가매장	1065
偵察機	정찰기	1065
冥府	명부	1065
幻燈機	환등기	1065
戶曹	호조	1065
投票函	투표함	1065
投融資	투융자	1065
樞軸國	추축국	1065
檢擧網	검거망	1065
泌尿器科	비뇨기과	1065
浸蝕谷	침식곡	1065
濾過器	여과기	1065
版殿	판전	1065
縣監	현감	1065
聽診器	청진기	1065
腹膜炎	복막염	1065
補陰劑	보음제	1065
解毒劑	해독제	1065
靑葡萄	청포도	1065
乳腐	유부	1064
侯爵	후작	1064
侵掠	침략	1064
倒錯	도착	1064
倡義	창의	1064
倭亂	왜란	1064
倭館	왜관	1064
冥府殿	명부전	1064
冬柏	동백	1064
刺戟性	자극성	1064
勃起	발기	1064
埋沒	매몰	1064
堪當	감당	1064
奇拔	기발	1064
奏任	주임	1064
孔慘	공참	1064
孤魂	고혼	1064
寵兒	총아	1064
封墳	봉분	1064
幕僚	막료	1064
座臺	좌대	1064
慘劇	참극	1064
抄錄	초록	1064
抗卞	항변	1064
振幅	진폭	1064
捕捉	포착	1064
排擊	배격	1064
揮毫	휘호	1064
攻掠	공략	1064
斜塔	사탑	1064
旱災	한재	1064
松肌	송기	1064
某樣	모양	1064
機謀	기모	1064
沿邊	연변	1064
漫評	만평	1064
潤澤	윤택	1064
熟絹	숙견	1064
熟醉	숙취	1064
燃燒	연소	1064
獻納	헌납	1064
疫疾	역질	1064
睡蓮	수련	1064
稀薄	희박	1064
符籍	부적	1064
粉飾	분식	1064
紛亂	분란	1064
紫蘭	자란	1064
編隊	편대	1064
編髮	편발	1064
膠着	교착	1064
葬儀	장의	1064
蓄妾	축첩	1064
薄荷	박하	1064
詐僞	사위	1064
詰難	힐난	1064
諷刺的	풍자적	1064
象牙	상아	1064
踏襲	답습	1064
銃劍	총검	1064
阿鼻叫喚	아비규환	1064
陳腐	진부	1064
頃刻	경각	1064
鬪魂	투혼	1064
俠客	협객	1063
倦怠期	권태기	1063
傷痕	상흔	1063
包圍網	포위망	1063
哀悼	애도	1063
喚聲	환성	1063
堆積巖	퇴적암	1063
嫉視	질시	1063
弗素	불소	1063
彌勒堂	미륵당	1063
悖倫	패륜	1063
慰藉料	위자료	1063
應札	응찰	1063
撤退	철퇴	1063
暗澹	암담	1063
欽仰	흠앙	1063
決棍	결곤	1063
沙彌僧	사미승	1063
沮喪	저상	1063
混紡	혼방	1063
演繹的	연역적	1063
濃墨	농묵	1063
短簫	단소	1063
硏鑽	연찬	1063
社稷壇	사직단	1063
精囊	정낭	1063
紅斑	홍반	1063
聾兒	농아	1063
脫帽	탈모	1063
蕩盡	탕진	1063
藥桶	약통	1063
解弛	해이	1063
警戒網	경계망	1063
迫擊砲	박격포	1063
逋脫	포탈	1063
邸宅	저택	1063
降魔	항마	1063
陶醉境	도취경	1063
靭皮	인피	1063
須彌	수미	1063
骨膜	골막	1063
骨董	골동	1063
倦怠感	권태감	1062
媤姨母	시이모	1062
御殿	어전	1062
括約筋	괄약근	1062
泄瀉病	설사병	1062
纖維素	섬유소	1062
請牒狀	청첩장	1062
乳酸	유산	1061
官撰	관찬	1061
宦官	환관	1061
廣袖	광수	1061
弄奸	농간	1061
復仇	복구	1061
念呪	염주	1061
捏造	날조	1061
柴胡	시호	1061
浪費癖	낭비벽	1061
炭酸	탄산	1061
紋章	문장	1061
編輯局	편집국	1061
警察棒	경찰봉	1061
譴責	견책	1061
輻射霧	복사무	1061
馴致	순치	1061
乳脂	유지	1060
供託	공탁	1060
傭員	용원	1060
充溢	충일	1060
兌換	태환	1060
副腎	부신	1060
圓筒	원통	1060
圓錐	원추	1060
埋葬	매장	1060
孕婦	잉부	1060
宮苑	궁원	1060
封鎖網	봉쇄망	1060
按摩師	안마사	1060
捕繩	포승	1060
旋盤	선반	1060
梗槪	경개	1060
機軸	기축	1060
殊勳	수훈	1060
殘酷	잔혹	1060
汗蒸湯	한증탕	1060
泄瀉藥	설사약	1060
湖畔	호반	1060
漕船	조선	1060
疆域	강역	1060
疲弊	피폐	1060
社稷	사직	1060
祿俸	녹봉	1060
籠絡	농락	1060
絹織	견직	1060
緩衝劑	완충제	1060
耐乏	내핍	1060
船廠	선창	1060
茶毘	다비	1060
衝樑	충량	1060
裁縫	재봉	1060
諷刺劇	풍자극	1060
貪虐	탐학	1060
賜牌	사패	1060
邪幅	사폭	1060
銘旌	명정	1060
鍼術	침술	1060
雙砲	쌍포	1060
霧箱	무상	1060
靈芝	영지	1060
預置	예치	1060
顚倒	전도	1060
鹿苑	녹원	1060
麟鳳	인봉	1060
層階站	층계참	1059
弑逆	시역	1059
沐浴齋戒	목욕재계	1059
粉碎機	분쇄기	1059
葡萄園	포도원	1059
遣奠祭	견전제	1059
凶卦	흉괘	1058
困憊	곤비	1058
姨從	이종	1058
彌勒佛	미륵불	1058
怒濤	노도	1058
應酬	응수	1058
曖昧性	애매성	1058
癡情	치정	1058
盛寵	성총	1058
盛饌	성찬	1058
筋萎縮症	근위축증	1058
脚絆	각반	1058
註解	주해	1058
鎔接棒	용접봉	1058
侮蔑	모멸	1057
址臺	지대	1057
媤叔	시숙	1057
幻覺劑	환각제	1057
彌縫策	미봉책	1057
托鉢	탁발	1057
推撻	추달	1057
泌尿器	비뇨기	1057
涅槃寂靜	열반적정	1057
潔癖	결벽	1057
濃彩	농채	1057
片鱗	편린	1057
牡丹	모란	1057
砒霜	비상	1057
笞刑	태형	1057
肋骨	늑골	1057
胸襟	흉금	1057
脂肪質	지방질	1057
脹滿	창만	1057
蛔蟲	회충	1057
飛翔	비상	1057
偏狹	편협	1056
妖怪	요괴	1056
巡廻	순회	1056
悽慘	처참	1056
欠缺	흠결	1056
灰漆	회칠	1056
熊膽	웅담	1056
癡漢	치한	1056
硯滴	연적	1056
紡績	방적	1056
縣尉	현위	1056
肩臂痛	견비통	1056
脈診	맥진	1056
薄俸	박봉	1056
薄膜	박막	1056
診脈	진맥	1056
郵遞筒	우체통	1056
薔薇園	장미원	1055
俄館	아관	1054
凌辱	능욕	1054
剝奪	박탈	1054
唾具	타구	1054
喘息	천식	1054
器皿	기명	1054
堆積	퇴적	1054
夢寐	몽매	1054
奇癖	기벽	1054
妃嬪	비빈	1054
妬忌	투기	1054
委囑	위촉	1054
嬪宮	빈궁	1054
寵妃	총비	1054
忌憚	기탄	1054
慰撫	위무	1054
捕縛	포박	1054
搭載	탑재	1054
擊墜	격추	1054
昇遐	승하	1054
昏衢	혼구	1054
棋院	기원	1054
槍劍	창검	1054
汨沒	골몰	1054
沙汰	사태	1054
炸裂	작렬	1054
疏典	소전	1054
眩惑	현혹	1054
磨耗	마모	1054
積薪	적신	1054
窮袴	궁고	1054
紗羅	사라	1054
纏帶	전대	1054
罵倒	매도	1054
羅紗	나사	1054
肺腑	폐부	1054
腹腔	복강	1054
臘享	납향	1054
臨卦	임괘	1054
褐炭	갈탄	1054
賻儀	부의	1054
軟膏	연고	1054
遁辭	둔사	1054
邀擊	요격	1054
錦繡	금수	1054
隱遁	은둔	1054
鹹淡	함담	1054
乳脂肪	유지방	1053
掘鑿機	굴착기	1053
斜紋織	사문직	1053
狹窄症	협착증	1053
胃潰瘍	위궤양	1053
脂肪層	지방층	1053
脂肪肝	지방간	1053
脊椎管	척추관	1053
葡萄糖	포도당	1053
准尉	준위	1052
筋膜	근막	1052
傀儡	괴뢰	1051
塵埃	진애	1051
摩尼	마니	1051
敷衍	부연	1051
梧桐	오동	1051
網巾	망건	1051
網膜	망막	1051
舒弗邯	서불한	1051
艦艇	함정	1051
跋扈	발호	1051
躊躇躊躇	주저주저	1051
刺戟劑	자극제	1050
喧騷	훤소	1050
旱魃	한발	1050
紋織	문직	1050
紗絹	사견	1050
絹紗	견사	1050
綺絹	기견	1050
綿紬	면주	1050
膵臟癌	췌장암	1050
蘊蓄	온축	1050
銓衡	전형	1050
陶瓷	도자	1050
餠盤	병반	1050
袞龍袍	곤룡포	1049
凌蔑	능멸	1047
按摩	안마	1046
敏腕	민완	1046
燐酸	인산	1046
砒酸	비산	1046
默珠	묵주	1046
啞鈴	아령	1045
囑託	촉탁	1045
孕胎	잉태	1045
宕巾	탕건	1045
扇錘	선추	1045
紗巾	사건	1045
網紗	망사	1045
肋膜	늑막	1045
苛虐	가학	1045
錠劑	정제	1045
鍼灸	침구	1045
顆粒	과립	1045
紡紗紬	방사주	1044
疏隔	소격	1043
屠戮	도륙	1041
徘徊	배회	1041
疱疹	포진	1041
凌駕	능가	1040
疊疊	첩첩	1040
翡翠	비취	1040
詔勅	조칙	1040
鉤勒	구륵	1040
凹凸	요철	1039
匍匐	포복	1039
咆哮	포효	1039
噴沫	분말	1039
煎餠	전병	1039
穿鑿	천착	1039
窄袖	착수	1039
酩酊	명정	1039
